x,y,t,u_pinn
0,0,0.5,-0.009620365
0.0253164556962025,0,0.5,-0.008858494
0.0506329113924051,0,0.5,-0.008656811
0.0759493670886076,0,0.5,-0.009074688
0.10126582278481,0,0.5,-0.010162551
0.126582278481013,0,0.5,-0.011957742
0.151898734177215,0,0.5,-0.014482323
0.177215189873418,0,0.5,-0.017737363
0.20253164556962,0,0.5,-0.021701753
0.227848101265823,0,0.5,-0.026328791
0.253164556962025,0,0.5,-0.031544928
0.278481012658228,0,0.5,-0.03725068
0.30379746835443,0,0.5,-0.043321844
0.329113924050633,0,0.5,-0.049615446
0.354430379746835,0,0.5,-0.055974375
0.379746835443038,0,0.5,-0.062235814
0.405063291139241,0,0.5,-0.06823975
0.430379746835443,0,0.5,-0.07383737
0.455696202531646,0,0.5,-0.07889809
0.481012658227848,0,0.5,-0.08331613
0.506329113924051,0,0.5,-0.08701281
0.531645569620253,0,0.5,-0.08993776
0.556962025316456,0,0.5,-0.092068434
0.582278481012658,0,0.5,-0.09340541
0.607594936708861,0,0.5,-0.09396908
0.632911392405063,0,0.5,-0.093794554
0.658227848101266,0,0.5,-0.092926696
0.683544303797468,0,0.5,-0.09141563
0.708860759493671,0,0.5,-0.08931361
0.734177215189873,0,0.5,-0.08667195
0.759493670886076,0,0.5,-0.08354016
0.784810126582278,0,0.5,-0.07996555
0.810126582278481,0,0.5,-0.07599321
0.835443037974684,0,0.5,-0.07166794
0.860759493670886,0,0.5,-0.06703569
0.886075949367089,0,0.5,-0.0621452
0.911392405063291,0,0.5,-0.0570503
0.936708860759494,0,0.5,-0.05181067
0.962025316455696,0,0.5,-0.046492096
0.987341772151899,0,0.5,-0.041166406
1.0126582278481,0,0.5,-0.035909127
1.0379746835443,0,0.5,-0.030797184
1.06329113924051,0,0.5,-0.025905587
1.08860759493671,0,0.5,-0.021303117
1.11392405063291,0,0.5,-0.017049998
1.13924050632911,0,0.5,-0.013193555
1.16455696202532,0,0.5,-0.009768039
1.18987341772152,0,0.5,-0.0067917705
1.21518987341772,0,0.5,-0.004268158
1.24050632911392,0,0.5,-0.0021864884
1.26582278481013,0,0.5,-0.0005241111
1.29113924050633,0,0.5,0.0007528253
1.31645569620253,0,0.5,0.0016856752
1.34177215189873,0,0.5,0.00232194
1.36708860759494,0,0.5,0.0027134083
1.39240506329114,0,0.5,0.002913583
1.41772151898734,0,0.5,0.0029771104
1.44303797468354,0,0.5,0.0029585473
1.46835443037975,0,0.5,0.0029103998
1.49367088607595,0,0.5,0.0028828643
1.51898734177215,0,0.5,0.0029222853
1.54430379746835,0,0.5,0.003070198
1.56962025316456,0,0.5,0.0033617858
1.59493670886076,0,0.5,0.003825372
1.62025316455696,0,0.5,0.004480848
1.64556962025316,0,0.5,0.005339252
1.67088607594937,0,0.5,0.0064022355
1.69620253164557,0,0.5,0.0076618306
1.72151898734177,0,0.5,0.009100676
1.74683544303797,0,0.5,0.010693055
1.77215189873418,0,0.5,0.0124065
1.79746835443038,0,0.5,0.0142025035
1.82278481012658,0,0.5,0.016039267
1.84810126582278,0,0.5,0.01787369
1.87341772151899,0,0.5,0.019663043
1.89873417721519,0,0.5,0.0213679
1.92405063291139,0,0.5,0.022952162
1.94936708860759,0,0.5,0.024385825
1.9746835443038,0,0.5,0.02564529
2,0,0.5,0.02671336
0,0.0253164556962025,0.5,-0.011223253
0.0253164556962025,0.0253164556962025,0.5,-0.0099492185
0.0506329113924051,0.0253164556962025,0.5,-0.009179175
0.0759493670886076,0.0253164556962025,0.5,-0.008979347
0.10126582278481,0.0253164556962025,0.5,-0.00940932
0.126582278481013,0.0253164556962025,0.5,-0.010519385
0.151898734177215,0.0253164556962025,0.5,-0.012345854
0.177215189873418,0.0253164556962025,0.5,-0.01490825
0.20253164556962,0.0253164556962025,0.5,-0.018204845
0.227848101265823,0.0253164556962025,0.5,-0.022210114
0.253164556962025,0.0253164556962025,0.5,-0.026871663
0.278481012658228,0.0253164556962025,0.5,-0.032110322
0.30379746835443,0.0253164556962025,0.5,-0.03781941
0.329113924050633,0.0253164556962025,0.5,-0.043868575
0.354430379746835,0.0253164556962025,0.5,-0.05010828
0.379746835443038,0.0253164556962025,0.5,-0.056376588
0.405063291139241,0.0253164556962025,0.5,-0.06250711
0.430379746835443,0.0253164556962025,0.5,-0.068338275
0.455696202531646,0.0253164556962025,0.5,-0.073722094
0.481012658227848,0.0253164556962025,0.5,-0.07853101
0.506329113924051,0.0253164556962025,0.5,-0.082663655
0.531645569620253,0.0253164556962025,0.5,-0.086047605
0.556962025316456,0.0253164556962025,0.5,-0.08863944
0.582278481012658,0.0253164556962025,0.5,-0.09042363
0.607594936708861,0.0253164556962025,0.5,-0.09140748
0.632911392405063,0.0253164556962025,0.5,-0.091617614
0.658227848101266,0.0253164556962025,0.5,-0.091094464
0.683544303797468,0.0253164556962025,0.5,-0.089886576
0.708860759493671,0.0253164556962025,0.5,-0.088047564
0.734177215189873,0.0253164556962025,0.5,-0.08563198
0.759493670886076,0.0253164556962025,0.5,-0.08269413
0.784810126582278,0.0253164556962025,0.5,-0.079285964
0.810126582278481,0.0253164556962025,0.5,-0.075458705
0.835443037974684,0.0253164556962025,0.5,-0.07126272
0.860759493670886,0.0253164556962025,0.5,-0.0667496
0.886075949367089,0.0253164556962025,0.5,-0.061974104
0.911392405063291,0.0253164556962025,0.5,-0.05699521
0.936708860759494,0.0253164556962025,0.5,-0.051877823
0.962025316455696,0.0253164556962025,0.5,-0.046692546
0.987341772151899,0.0253164556962025,0.5,-0.041514527
1.0126582278481,0.0253164556962025,0.5,-0.036421638
1.0379746835443,0.0253164556962025,0.5,-0.031491842
1.06329113924051,0.0253164556962025,0.5,-0.026798744
1.08860759493671,0.0253164556962025,0.5,-0.022409271
1.11392405063291,0.0253164556962025,0.5,-0.018379506
1.13924050632911,0.0253164556962025,0.5,-0.014751907
1.16455696202532,0.0253164556962025,0.5,-0.011555053
1.18987341772152,0.0253164556962025,0.5,-0.008801214
1.21518987341772,0.0253164556962025,0.5,-0.0064882413
1.24050632911392,0.0253164556962025,0.5,-0.00460029
1.26582278481013,0.0253164556962025,0.5,-0.0031096824
1.29113924050633,0.0253164556962025,0.5,-0.0019786693
1.31645569620253,0.0253164556962025,0.5,-0.0011625774
1.34177215189873,0.0253164556962025,0.5,-0.0006115362
1.36708860759494,0.0253164556962025,0.5,-0.00027182698
1.39240506329114,0.0253164556962025,0.5,-0.00008857623
1.41772151898734,0.0253164556962025,0.5,-0.0000061802566
1.44303797468354,0.0253164556962025,0.5,0.000029746443
1.46835443037975,0.0253164556962025,0.5,0.00007142499
1.49367088607595,0.0253164556962025,0.5,0.00016769953
1.51898734177215,0.0253164556962025,0.5,0.00036249496
1.54430379746835,0.0253164556962025,0.5,0.00069384277
1.56962025316456,0.0253164556962025,0.5,0.0011926107
1.59493670886076,0.0253164556962025,0.5,0.0018813591
1.62025316455696,0.0253164556962025,0.5,0.0027733017
1.64556962025316,0.0253164556962025,0.5,0.0038716625
1.67088607594937,0.0253164556962025,0.5,0.0051703453
1.69620253164557,0.0253164556962025,0.5,0.006652437
1.72151898734177,0.0253164556962025,0.5,0.008292986
1.74683544303797,0.0253164556962025,0.5,0.010059053
1.77215189873418,0.0253164556962025,0.5,0.0119118
1.79746835443038,0.0253164556962025,0.5,0.01380875
1.82278481012658,0.0253164556962025,0.5,0.01570584
1.84810126582278,0.0253164556962025,0.5,0.017559541
1.87341772151899,0.0253164556962025,0.5,0.01932858
1.89873417721519,0.0253164556962025,0.5,0.020976707
1.92405063291139,0.0253164556962025,0.5,0.022473237
1.94936708860759,0.0253164556962025,0.5,0.023793602
1.9746835443038,0.0253164556962025,0.5,0.024920426
2,0.0253164556962025,0.5,0.02584279
0,0.0506329113924051,0.5,-0.013310593
0.0253164556962025,0.0506329113924051,0.5,-0.0115781985
0.0506329113924051,0.0506329113924051,0.5,-0.010287449
0.0759493670886076,0.0506329113924051,0.5,-0.009509526
0.10126582278481,0.0506329113924051,0.5,-0.009311676
0.126582278481013,0.0506329113924051,0.5,-0.009753954
0.151898734177215,0.0506329113924051,0.5,-0.010885872
0.177215189873418,0.0506329113924051,0.5,-0.012742151
0.20253164556962,0.0506329113924051,0.5,-0.015340146
0.227848101265823,0.0506329113924051,0.5,-0.018674344
0.253164556962025,0.0506329113924051,0.5,-0.022714246
0.278481012658228,0.0506329113924051,0.5,-0.027402077
0.30379746835443,0.0506329113924051,0.5,-0.03265151
0.329113924050633,0.0506329113924051,0.5,-0.038349252
0.354430379746835,0.0506329113924051,0.5,-0.044358145
0.379746835443038,0.0506329113924051,0.5,-0.050522324
0.405063291139241,0.0506329113924051,0.5,-0.056674797
0.430379746835443,0.0506329113924051,0.5,-0.06264666
0.455696202531646,0.0506329113924051,0.5,-0.06827544
0.481012658227848,0.0506329113924051,0.5,-0.07341443
0.506329113924051,0.0506329113924051,0.5,-0.077940226
0.531645569620253,0.0506329113924051,0.5,-0.08175658
0.556962025316456,0.0506329113924051,0.5,-0.08479813
0.582278481012658,0.0506329113924051,0.5,-0.087028965
0.607594936708861,0.0506329113924051,0.5,-0.08844119
0.632911392405063,0.0506329113924051,0.5,-0.0890495
0.658227848101266,0.0506329113924051,0.5,-0.08888665
0.683544303797468,0.0506329113924051,0.5,-0.087998465
0.708860759493671,0.0506329113924051,0.5,-0.08643843
0.734177215189873,0.0506329113924051,0.5,-0.0842637
0.759493670886076,0.0506329113924051,0.5,-0.08153242
0.784810126582278,0.0506329113924051,0.5,-0.07830295
0.810126582278481,0.0506329113924051,0.5,-0.074631974
0.835443037974684,0.0506329113924051,0.5,-0.070576504
0.860759493670886,0.0506329113924051,0.5,-0.06619498
0.886075949367089,0.0506329113924051,0.5,-0.061548334
0.911392405063291,0.0506329113924051,0.5,-0.05670182
0.936708860759494,0.0506329113924051,0.5,-0.05172549
0.962025316455696,0.0506329113924051,0.5,-0.046694394
0.987341772151899,0.0506329113924051,0.5,-0.04168729
1.0126582278481,0.0506329113924051,0.5,-0.03678323
1.0379746835443,0.0506329113924051,0.5,-0.03206044
1.06329113924051,0.0506329113924051,0.5,-0.027590625
1.08860759493671,0.0506329113924051,0.5,-0.023437165
1.11392405063291,0.0506329113924051,0.5,-0.019650925
1.13924050632911,0.0506329113924051,0.5,-0.016269125
1.16455696202532,0.0506329113924051,0.5,-0.013313688
1.18987341772152,0.0506329113924051,0.5,-0.010791
1.21518987341772,0.0506329113924051,0.5,-0.008692902
1.24050632911392,0.0506329113924051,0.5,-0.0069984607
1.26582278481013,0.0506329113924051,0.5,-0.005675189
1.29113924050633,0.0506329113924051,0.5,-0.0046821646
1.31645569620253,0.0506329113924051,0.5,-0.0039715767
1.34177215189873,0.0506329113924051,0.5,-0.0034915619
1.36708860759494,0.0506329113924051,0.5,-0.003186997
1.39240506329114,0.0506329113924051,0.5,-0.0030019172
1.41772151898734,0.0506329113924051,0.5,-0.0028805882
1.44303797468354,0.0506329113924051,0.5,-0.0027691126
1.46835443037975,0.0506329113924051,0.5,-0.0026166998
1.49367088607595,0.0506329113924051,0.5,-0.0023766644
1.51898734177215,0.0506329113924051,0.5,-0.002008345
1.54430379746835,0.0506329113924051,0.5,-0.0014781989
1.56962025316456,0.0506329113924051,0.5,-0.0007609688
1.59493670886076,0.0506329113924051,0.5,0.00015909597
1.62025316455696,0.0506329113924051,0.5,0.001287451
1.64556962025316,0.0506329113924051,0.5,0.0026195068
1.67088607594937,0.0506329113924051,0.5,0.004139658
1.69620253164557,0.0506329113924051,0.5,0.0058236513
1.72151898734177,0.0506329113924051,0.5,0.0076384787
1.74683544303797,0.0506329113924051,0.5,0.009545559
1.77215189873418,0.0506329113924051,0.5,0.01150118
1.79746835443038,0.0506329113924051,0.5,0.013460524
1.82278481012658,0.0506329113924051,0.5,0.015378842
1.84810126582278,0.0506329113924051,0.5,0.017214332
1.87341772151899,0.0506329113924051,0.5,0.018929202
1.89873417721519,0.0506329113924051,0.5,0.020492204
1.92405063291139,0.0506329113924051,0.5,0.0218779
1.94936708860759,0.0506329113924051,0.5,0.023068357
1.9746835443038,0.0506329113924051,0.5,0.024052624
2,0.0506329113924051,0.5,0.024826314
0,0.0759493670886076,0.5,-0.015826318
0.0253164556962025,0.0759493670886076,0.5,-0.013694461
0.0506329113924051,0.0759493670886076,0.5,-0.01193776
0.0759493670886076,0.0759493670886076,0.5,-0.0106303245
0.10126582278481,0.0759493670886076,0.5,-0.009844765
0.126582278481013,0.0759493670886076,0.5,-0.009648982
0.151898734177215,0.0759493670886076,0.5,-0.010102786
0.177215189873418,0.0759493670886076,0.5,-0.0112553425
0.20253164556962,0.0759493670886076,0.5,-0.013139728
0.227848101265823,0.0759493670886076,0.5,-0.015769891
0.253164556962025,0.0759493670886076,0.5,-0.019136123
0.278481012658228,0.0759493670886076,0.5,-0.023203034
0.30379746835443,0.0759493670886076,0.5,-0.027906295
0.329113924050633,0.0759493670886076,0.5,-0.033152763
0.354430379746835,0.0759493670886076,0.5,-0.038821716
0.379746835443038,0.0759493670886076,0.5,-0.044768754
0.405063291139241,0.0759493670886076,0.5,-0.050832417
0.430379746835443,0.0759493670886076,0.5,-0.056841146
0.455696202531646,0.0759493670886076,0.5,-0.06262338
0.481012658227848,0.0759493670886076,0.5,-0.06801674
0.506329113924051,0.0759493670886076,0.5,-0.07287696
0.531645569620253,0.0759493670886076,0.5,-0.0770849
0.556962025316456,0.0759493670886076,0.5,-0.080551594
0.582278481012658,0.0759493670886076,0.5,-0.08321847
0.607594936708861,0.0759493670886076,0.5,-0.08505881
0.632911392405063,0.0759493670886076,0.5,-0.08607231
0.658227848101266,0.0759493670886076,0.5,-0.08628145
0.683544303797468,0.0759493670886076,0.5,-0.085726574
0.708860759493671,0.0759493670886076,0.5,-0.084458694
0.734177215189873,0.0759493670886076,0.5,-0.082537234
0.759493670886076,0.0759493670886076,0.5,-0.08002408
0.784810126582278,0.0759493670886076,0.5,-0.07698341
0.810126582278481,0.0759493670886076,0.5,-0.073478475
0.835443037974684,0.0759493670886076,0.5,-0.06957409
0.860759493670886,0.0759493670886076,0.5,-0.06533548
0.886075949367089,0.0759493670886076,0.5,-0.06083108
0.911392405063291,0.0759493670886076,0.5,-0.056132626
0.936708860759494,0.0759493670886076,0.5,-0.05131622
0.962025316455696,0.0759493670886076,0.5,-0.046460953
0.987341772151899,0.0759493670886076,0.5,-0.04164837
1.0126582278481,0.0759493670886076,0.5,-0.03695902
1.0379746835443,0.0759493670886076,0.5,-0.032468986
1.06329113924051,0.0759493670886076,0.5,-0.028247427
1.08860759493671,0.0759493670886076,0.5,-0.024353046
1.11392405063291,0.0759493670886076,0.5,-0.020830613
1.13924050632911,0.0759493670886076,0.5,-0.017710973
1.16455696202532,0.0759493670886076,0.5,-0.015008949
1.18987341772152,0.0759493670886076,0.5,-0.01272488
1.21518987341772,0.0759493670886076,0.5,-0.010844424
1.24050632911392,0.0759493670886076,0.5,-0.009341564
1.26582278481013,0.0759493670886076,0.5,-0.008180119
1.29113924050633,0.0759493670886076,0.5,-0.00731558
1.31645569620253,0.0759493670886076,0.5,-0.006698005
1.34177215189873,0.0759493670886076,0.5,-0.0062736534
1.36708860759494,0.0759493670886076,0.5,-0.005986687
1.39240506329114,0.0759493670886076,0.5,-0.0057807863
1.41772151898734,0.0759493670886076,0.5,-0.005600836
1.44303797468354,0.0759493670886076,0.5,-0.005394146
1.46835443037975,0.0759493670886076,0.5,-0.005112011
1.49367088607595,0.0759493670886076,0.5,-0.0047111176
1.51898734177215,0.0759493670886076,0.5,-0.00415501
1.54430379746835,0.0759493670886076,0.5,-0.0034158044
1.56962025316456,0.0759493670886076,0.5,-0.0024748407
1.59493670886076,0.0759493670886076,0.5,-0.0013244189
1.62025316455696,0.0759493670886076,0.5,0.000032894313
1.64556962025316,0.0759493670886076,0.5,0.0015835445
1.67088607594937,0.0759493670886076,0.5,0.003303798
1.69620253164557,0.0759493670886076,0.5,0.00516155
1.72151898734177,0.0759493670886076,0.5,0.007117547
1.74683544303797,0.0759493670886076,0.5,0.009128094
1.77215189873418,0.0759493670886076,0.5,0.011147277
1.79746835443038,0.0759493670886076,0.5,0.013129478
1.82278481012658,0.0759493670886076,0.5,0.015031425
1.84810126582278,0.0759493670886076,0.5,0.016814772
1.87341772151899,0.0759493670886076,0.5,0.01844646
1.89873417721519,0.0759493670886076,0.5,0.01990095
1.92405063291139,0.0759493670886076,0.5,0.021159565
1.94936708860759,0.0759493670886076,0.5,0.022210669
1.9746835443038,0.0759493670886076,0.5,0.023049483
2,0.0759493670886076,0.5,0.02367711
0,0.10126582278481,0.5,-0.018709194
0.0253164556962025,0.10126582278481,0.5,-0.01624095
0.0506329113924051,0.10126582278481,0.5,-0.014078379
0.0759493670886076,0.10126582278481,0.5,-0.0122971125
0.10126582278481,0.10126582278481,0.5,-0.010972749
0.126582278481013,0.10126582278481,0.5,-0.01017905
0.151898734177215,0.10126582278481,0.5,-0.009984642
0.177215189873418,0.10126582278481,0.5,-0.010449138
0.20253164556962,0.10126582278481,0.5,-0.011620328
0.227848101265823,0.10126582278481,0.5,-0.013529304
0.253164556962025,0.10126582278481,0.5,-0.016186554
0.278481012658228,0.10126582278481,0.5,-0.019578066
0.30379746835443,0.10126582278481,0.5,-0.023661982
0.329113924050633,0.10126582278481,0.5,-0.02836785
0.354430379746835,0.10126582278481,0.5,-0.03359438
0.379746835443038,0.10126582278481,0.5,-0.03921381
0.405063291139241,0.10126582278481,0.5,-0.04507461
0.430379746835443,0.10126582278481,0.5,-0.051009055
0.455696202531646,0.10126582278481,0.5,-0.056841966
0.481012658227848,0.10126582278481,0.5,-0.062399473
0.506329113924051,0.10126582278481,0.5,-0.067520574
0.531645569620253,0.10126582278481,0.5,-0.07206397
0.556962025316456,0.10126582278481,0.5,-0.07591668
0.582278481012658,0.10126582278481,0.5,-0.07899651
0.607594936708861,0.10126582278481,0.5,-0.08125453
0.632911392405063,0.10126582278481,0.5,-0.08267245
0.658227848101266,0.10126582278481,0.5,-0.083259195
0.683544303797468,0.10126582278481,0.5,-0.08304623
0.708860759493671,0.10126582278481,0.5,-0.08208093
0.734177215189873,0.10126582278481,0.5,-0.080422595
0.759493670886076,0.10126582278481,0.5,-0.07813665
0.784810126582278,0.10126582278481,0.5,-0.07529257
0.810126582278481,0.10126582278481,0.5,-0.07196154
0.835443037974684,0.10126582278481,0.5,-0.06821613
0.860759493670886,0.10126582278481,0.5,-0.06413019
0.886075949367089,0.10126582278481,0.5,-0.05978002
0.911392405063291,0.10126582278481,0.5,-0.055244815
0.936708860759494,0.10126582278481,0.5,-0.0506065
0.962025316455696,0.10126582278481,0.5,-0.045948874
0.987341772151899,0.10126582278481,0.5,-0.04135522
1.0126582278481,0.10126582278481,0.5,-0.036905866
1.0379746835443,0.10126582278481,0.5,-0.032675255
1.06329113924051,0.10126582278481,0.5,-0.028727598
1.08860759493671,0.10126582278481,0.5,-0.025115479
1.11392405063291,0.10126582278481,0.5,-0.02187683
1.13924050632911,0.10126582278481,0.5,-0.019034881
1.16455696202532,0.10126582278481,0.5,-0.016597532
1.18987341772152,0.10126582278481,0.5,-0.014557999
1.21518987341772,0.10126582278481,0.5,-0.012896623
1.24050632911392,0.10126582278481,0.5,-0.011582494
1.26582278481013,0.10126582278481,0.5,-0.010575488
1.29113924050633,0.10126582278481,0.5,-0.009828899
1.31645569620253,0.10126582278481,0.5,-0.009290773
1.34177215189873,0.10126582278481,0.5,-0.008906264
1.36708860759494,0.10126582278481,0.5,-0.008619621
1.39240506329114,0.10126582278481,0.5,-0.008374818
1.41772151898734,0.10126582278481,0.5,-0.008117948
1.44303797468354,0.10126582278481,0.5,-0.007798638
1.46835443037975,0.10126582278481,0.5,-0.0073712505
1.49367088607595,0.10126582278481,0.5,-0.0067967176
1.51898734177215,0.10126582278481,0.5,-0.0060442053
1.54430379746835,0.10126582278481,0.5,-0.0050920844
1.56962025316456,0.10126582278481,0.5,-0.0039298274
1.59493670886076,0.10126582278481,0.5,-0.0025578178
1.62025316455696,0.10126582278481,0.5,-0.0009874776
1.64556962025316,0.10126582278481,0.5,0.0007591229
1.67088607594937,0.10126582278481,0.5,0.0026503168
1.69620253164557,0.10126582278481,0.5,0.0046473835
1.72151898734177,0.10126582278481,0.5,0.0067060776
1.74683544303797,0.10126582278481,0.5,0.008780163
1.77215189873418,0.10126582278481,0.5,0.010822777
1.79746835443038,0.10126582278481,0.5,0.012789421
1.82278481012658,0.10126582278481,0.5,0.014640711
1.84810126582278,0.10126582278481,0.5,0.01634238
1.87341772151899,0.10126582278481,0.5,0.017867815
1.89873417721519,0.10126582278481,0.5,0.019197438
1.92405063291139,0.10126582278481,0.5,0.020319266
1.94936708860759,0.10126582278481,0.5,0.021227945
1.9746835443038,0.10126582278481,0.5,0.02192394
2,0.10126582278481,0.5,0.022413718
0,0.126582278481013,0.5,-0.0218926
0.0253164556962025,0.126582278481013,0.5,-0.019154254
0.0506329113924051,0.126582278481013,0.5,-0.016650483
0.0759493670886076,0.126582278481013,0.5,-0.014456604
0.10126582278481,0.126582278481013,0.5,-0.012650076
0.126582278481013,0.126582278481013,0.5,-0.01130816
0.151898734177215,0.126582278481013,0.5,-0.010505494
0.177215189873418,0.126582278481013,0.5,-0.010310978
0.20253164556962,0.126582278481013,0.5,-0.010784004
0.227848101265823,0.126582278481013,0.5,-0.011970699
0.253164556962025,0.126582278481013,0.5,-0.013899736
0.278481012658228,0.126582278481013,0.5,-0.016577583
0.30379746835443,0.126582278481013,0.5,-0.019984916
0.329113924050633,0.126582278481013,0.5,-0.02407384
0.354430379746835,0.126582278481013,0.5,-0.02876588
0.379746835443038,0.126582278481013,0.5,-0.0339525
0.405063291139241,0.126582278481013,0.5,-0.039497834
0.430379746835443,0.126582278481013,0.5,-0.04524344
0.455696202531646,0.126582278481013,0.5,-0.051015716
0.481012658227848,0.126582278481013,0.5,-0.056635704
0.506329113924051,0.126582278481013,0.5,-0.061929245
0.531645569620253,0.126582278481013,0.5,-0.06673625
0.556962025316456,0.126582278481013,0.5,-0.070920825
0.582278481012658,0.126582278481013,0.5,-0.07437609
0.607594936708861,0.126582278481013,0.5,-0.07702923
0.632911392405063,0.126582278481013,0.5,-0.07884072
0.658227848101266,0.126582278481013,0.5,-0.07980274
0.683544303797468,0.126582278481013,0.5,-0.07993458
0.708860759493671,0.126582278481013,0.5,-0.0792775
0.734177215189873,0.126582278481013,0.5,-0.07788803
0.759493670886076,0.126582278481013,0.5,-0.075834975
0.784810126582278,0.126582278481013,0.5,-0.0731927
0.810126582278481,0.126582278481013,0.5,-0.070040345
0.835443037974684,0.126582278481013,0.5,-0.06645951
0.860759493670886,0.126582278481013,0.5,-0.062533155
0.886075949367089,0.126582278481013,0.5,-0.05834729
0.911392405063291,0.126582278481013,0.5,-0.0539887
0.936708860759494,0.126582278481013,0.5,-0.04954609
0.962025316455696,0.126582278481013,0.5,-0.045106884
0.987341772151899,0.126582278481013,0.5,-0.0407562
1.0126582278481,0.126582278481013,0.5,-0.03657339
1.0379746835443,0.126582278481013,0.5,-0.032628413
1.06329113924051,0.126582278481013,0.5,-0.028980035
1.08860759493671,0.126582278481013,0.5,-0.025673155
1.11392405063291,0.126582278481013,0.5,-0.022737421
1.13924050632911,0.126582278481013,0.5,-0.020188205
1.16455696202532,0.126582278481013,0.5,-0.018025398
1.18987341772152,0.126582278481013,0.5,-0.016235631
1.21518987341772,0.126582278481013,0.5,-0.014793314
1.24050632911392,0.126582278481013,0.5,-0.013663568
1.26582278481013,0.126582278481013,0.5,-0.012803238
1.29113924050633,0.126582278481013,0.5,-0.012163326
1.31645569620253,0.126582278481013,0.5,-0.011690944
1.34177215189873,0.126582278481013,0.5,-0.011331223
1.36708860759494,0.126582278481013,0.5,-0.011028513
1.39240506329114,0.126582278481013,0.5,-0.010728646
1.41772151898734,0.126582278481013,0.5,-0.010379735
1.44303797468354,0.126582278481013,0.5,-0.009934176
1.46835443037975,0.126582278481013,0.5,-0.009350862
1.49367088607595,0.126582278481013,0.5,-0.008596096
1.51898734177215,0.126582278481013,0.5,-0.007645443
1.54430379746835,0.126582278481013,0.5,-0.0064849667
1.56962025316456,0.126582278481013,0.5,-0.0051121265
1.59493670886076,0.126582278481013,0.5,-0.003536135
1.62025316455696,0.126582278481013,0.5,-0.0017771646
1.64556962025316,0.126582278481013,0.5,0.000134537
1.67088607594937,0.126582278481013,0.5,0.0021608267
1.69620253164557,0.126582278481013,0.5,0.004257776
1.72151898734177,0.126582278481013,0.5,0.006378133
1.74683544303797,0.126582278481013,0.5,0.008474432
1.77215189873418,0.126582278481013,0.5,0.010501239
1.79746835443038,0.126582278481013,0.5,0.012417432
1.82278481012658,0.126582278481013,0.5,0.014187969
1.84810126582278,0.126582278481013,0.5,0.01578459
1.87341772151899,0.126582278481013,0.5,0.017187068
1.89873417721519,0.126582278481013,0.5,0.018382277
1.92405063291139,0.126582278481013,0.5,0.019364163
1.94936708860759,0.126582278481013,0.5,0.02013282
1.9746835443038,0.126582278481013,0.5,0.02069395
2,0.126582278481013,0.5,0.021057507
0,0.151898734177215,0.5,-0.025305953
0.0253164556962025,0.151898734177215,0.5,-0.022365708
0.0506329113924051,0.151898734177215,0.5,-0.019588478
0.0759493670886076,0.151898734177215,0.5,-0.017048158
0.10126582278481,0.151898734177215,0.5,-0.01482204
0.126582278481013,0.151898734177215,0.5,-0.012989376
0.151898734177215,0.151898734177215,0.5,-0.011628587
0.177215189873418,0.151898734177215,0.5,-0.010815244
0.20253164556962,0.151898734177215,0.5,-0.01061831
0.227848101265823,0.151898734177215,0.5,-0.0110965185
0.253164556962025,0.151898734177215,0.5,-0.0122944005
0.278481012658228,0.151898734177215,0.5,-0.01423692
0.30379746835443,0.151898734177215,0.5,-0.016926408
0.329113924050633,0.151898734177215,0.5,-0.020337835
0.354430379746835,0.151898734177215,0.5,-0.02441597
0.379746835443038,0.151898734177215,0.5,-0.029074766
0.405063291139241,0.151898734177215,0.5,-0.034197178
0.430379746835443,0.151898734177215,0.5,-0.03963917
0.455696202531646,0.151898734177215,0.5,-0.045235436
0.481012658227848,0.151898734177215,0.5,-0.050806995
0.506329113924051,0.151898734177215,0.5,-0.05617206
0.531645569620253,0.151898734177215,0.5,-0.06115606
0.556962025316456,0.151898734177215,0.5,-0.0656023
0.582278481012658,0.151898734177215,0.5,-0.0693803
0.607594936708861,0.151898734177215,0.5,-0.07239199
0.632911392405063,0.151898734177215,0.5,-0.07457425
0.658227848101266,0.151898734177215,0.5,-0.07589932
0.683544303797468,0.151898734177215,0.5,-0.07637118
0.708860759493671,0.151898734177215,0.5,-0.07602106
0.734177215189873,0.151898734177215,0.5,-0.07490173
0.759493670886076,0.151898734177215,0.5,-0.073082626
0.784810126582278,0.151898734177215,0.5,-0.07064317
0.810126582278481,0.151898734177215,0.5,-0.067670345
0.835443037974684,0.151898734177215,0.5,-0.06425567
0.860759493670886,0.151898734177215,0.5,-0.06049302
0.886075949367089,0.151898734177215,0.5,-0.056478072
0.911392405063291,0.151898734177215,0.5,-0.05230735
0.936708860759494,0.151898734177215,0.5,-0.048075598
0.962025316455696,0.151898734177215,0.5,-0.043874573
0.987341772151899,0.151898734177215,0.5,-0.039790537
1.0126582278481,0.151898734177215,0.5,-0.035899412
1.0379746835443,0.151898734177215,0.5,-0.032266397
1.06329113924051,0.151898734177215,0.5,-0.028942265
1.08860759493671,0.151898734177215,0.5,-0.0259629
1.11392405063291,0.151898734177215,0.5,-0.02334917
1.13924050632911,0.151898734177215,0.5,-0.02110644
1.16455696202532,0.151898734177215,0.5,-0.01922717
1.18987341772152,0.151898734177215,0.5,-0.017690934
1.21518987341772,0.151898734177215,0.5,-0.016467132
1.24050632911392,0.151898734177215,0.5,-0.015517123
1.26582278481013,0.151898734177215,0.5,-0.014795087
1.29113924050633,0.151898734177215,0.5,-0.014250807
1.31645569620253,0.151898734177215,0.5,-0.013831649
1.34177215189873,0.151898734177215,0.5,-0.0134829655
1.36708860759494,0.151898734177215,0.5,-0.013150819
1.39240506329114,0.151898734177215,0.5,-0.012783278
1.41772151898734,0.151898734177215,0.5,-0.012331527
1.44303797468354,0.151898734177215,0.5,-0.011752274
1.46835443037975,0.151898734177215,0.5,-0.011009507
1.49367088607595,0.151898734177215,0.5,-0.010075729
1.51898734177215,0.151898734177215,0.5,-0.008933902
1.54430379746835,0.151898734177215,0.5,-0.0075781867
1.56962025316456,0.151898734177215,0.5,-0.006015081
1.59493670886076,0.151898734177215,0.5,-0.004261922
1.62025316455696,0.151898734177215,0.5,-0.0023471564
1.64556962025316,0.151898734177215,0.5,-0.00030784868
1.67088607594937,0.151898734177215,0.5,0.0018124077
1.69620253164557,0.151898734177215,0.5,0.0039665587
1.72151898734177,0.151898734177215,0.5,0.0061062668
1.74683544303797,0.151898734177215,0.5,0.00818482
1.77215189873418,0.151898734177215,0.5,0.010159962
1.79746835443038,0.151898734177215,0.5,0.011995146
1.82278481012658,0.151898734177215,0.5,0.013660984
1.84810126582278,0.151898734177215,0.5,0.015135685
1.87341772151899,0.151898734177215,0.5,0.016405039
1.89873417721519,0.151898734177215,0.5,0.017462123
1.92405063291139,0.151898734177215,0.5,0.018306449
1.94936708860759,0.151898734177215,0.5,0.01894308
1.9746835443038,0.151898734177215,0.5,0.019381076
2,0.151898734177215,0.5,0.019632937
0,0.177215189873418,0.5,-0.028874833
0.0253164556962025,0.177215189873418,0.5,-0.025801934
0.0506329113924051,0.177215189873418,0.5,-0.022821534
0.0759493670886076,0.177215189873418,0.5,-0.020004462
0.10126582278481,0.177215189873418,0.5,-0.0174263
0.126582278481013,0.177215189873418,0.5,-0.015166543
0.151898734177215,0.177215189873418,0.5,-0.013305761
0.177215189873418,0.177215189873418,0.5,-0.011923969
0.20253164556962,0.177215189873418,0.5,-0.011097394
0.227848101265823,0.177215189873418,0.5,-0.010894511
0.253164556962025,0.177215189873418,0.5,-0.011373285
0.278481012658228,0.177215189873418,0.5,-0.012575392
0.30379746835443,0.177215189873418,0.5,-0.0145229325
0.329113924050633,0.177215189873418,0.5,-0.01721247
0.354430379746835,0.177215189873418,0.5,-0.020612657
0.379746835443038,0.177215189873418,0.5,-0.024660636
0.405063291139241,0.177215189873418,0.5,-0.029261634
0.430379746835443,0.177215189873418,0.5,-0.034290206
0.455696202531646,0.177215189873418,0.5,-0.039594006
0.481012658227848,0.177215189873418,0.5,-0.045000713
0.506329113924051,0.177215189873418,0.5,-0.050326336
0.531645569620253,0.177215189873418,0.5,-0.05538718
0.556962025316456,0.177215189873418,0.5,-0.0600099
0.582278481012658,0.177215189873418,0.5,-0.06404182
0.607594936708861,0.177215189873418,0.5,-0.06736003
0.632911392405063,0.177215189873418,0.5,-0.06987658
0.658227848101266,0.177215189873418,0.5,-0.07154061
0.683544303797468,0.177215189873418,0.5,-0.07233749
0.708860759493671,0.177215189873418,0.5,-0.07228547
0.734177215189873,0.177215189873418,0.5,-0.07143074
0.759493670886076,0.177215189873418,0.5,-0.06984089
0.784810126582278,0.177215189873418,0.5,-0.06759989
0.810126582278481,0.177215189873418,0.5,-0.06480251
0.835443037974684,0.177215189873418,0.5,-0.061550956
0.860759493670886,0.177215189873418,0.5,-0.05795112
0.886075949367089,0.177215189873418,0.5,-0.054110046
0.911392405063291,0.177215189873418,0.5,-0.050134238
0.936708860759494,0.177215189873418,0.5,-0.046126213
0.962025316455696,0.177215189873418,0.5,-0.042181324
0.987341772151899,0.177215189873418,0.5,-0.03838518
1.0126582278481,0.177215189873418,0.5,-0.034810368
1.0379746835443,0.177215189873418,0.5,-0.031514417
1.06329113924051,0.177215189873418,0.5,-0.028538983
1.08860759493671,0.177215189873418,0.5,-0.025909021
1.11392405063291,0.177215189873418,0.5,-0.023634776
1.13924050632911,0.177215189873418,0.5,-0.021711968
1.16455696202532,0.177215189873418,0.5,-0.02012425
1.18987341772152,0.177215189873418,0.5,-0.018844835
1.21518987341772,0.177215189873418,0.5,-0.017838627
1.24050632911392,0.177215189873418,0.5,-0.017063472
1.26582278481013,0.177215189873418,0.5,-0.016472127
1.29113924050633,0.177215189873418,0.5,-0.016014501
1.31645569620253,0.177215189873418,0.5,-0.015638057
1.34177215189873,0.177215189873418,0.5,-0.015290417
1.36708860759494,0.177215189873418,0.5,-0.014919896
1.39240506329114,0.177215189873418,0.5,-0.014477681
1.41772151898734,0.177215189873418,0.5,-0.01391919
1.44303797468354,0.177215189873418,0.5,-0.013206206
1.46835443037975,0.177215189873418,0.5,-0.012309048
1.49367088607595,0.177215189873418,0.5,-0.011206891
1.51898734177215,0.177215189873418,0.5,-0.009890866
1.54430379746835,0.177215189873418,0.5,-0.008363593
1.56962025316456,0.177215189873418,0.5,-0.0066395104
1.59493670886076,0.177215189873418,0.5,-0.004744645
1.62025316455696,0.177215189873418,0.5,-0.0027143024
1.64556962025316,0.177215189873418,0.5,-0.00059059076
1.67088607594937,0.177215189873418,0.5,0.0015791822
1.69620253164557,0.177215189873418,0.5,0.0037465096
1.72151898734177,0.177215189873418,0.5,0.0058639795
1.74683544303797,0.177215189873418,0.5,0.007887909
1.77215189873418,0.177215189873418,0.5,0.00977993
1.79746835443038,0.177215189873418,0.5,0.011509731
1.82278481012658,0.177215189873418,0.5,0.013053313
1.84810126582278,0.177215189873418,0.5,0.014395546
1.87341772151899,0.177215189873418,0.5,0.015528142
1.89873417721519,0.177215189873418,0.5,0.016449392
1.92405063291139,0.177215189873418,0.5,0.01716352
1.94936708860759,0.177215189873418,0.5,0.017679192
1.9746835443038,0.177215189873418,0.5,0.018007949
2,0.177215189873418,0.5,0.018164609
0,0.20253164556962,0.5,-0.03252155
0.0253164556962025,0.20253164556962,0.5,-0.029386062
0.0506329113924051,0.20253164556962,0.5,-0.026273534
0.0759493670886076,0.20253164556962,0.5,-0.02325138
0.10126582278481,0.20253164556962,0.5,-0.020392656
0.126582278481013,0.20253164556962,0.5,-0.017774925
0.151898734177215,0.20253164556962,0.5,-0.015479431
0.177215189873418,0.20253164556962,0.5,-0.013588008
0.20253164556962,0.20253164556962,0.5,-0.012182038
0.227848101265823,0.20253164556962,0.5,-0.011337906
0.253164556962025,0.20253164556962,0.5,-0.011124101
0.278481012658228,0.20253164556962,0.5,-0.011596441
0.30379746835443,0.20253164556962,0.5,-0.012794163
0.329113924050633,0.20253164556962,0.5,-0.014734659
0.354430379746835,0.20253164556962,0.5,-0.0174088
0.379746835443038,0.20253164556962,0.5,-0.020778242
0.405063291139241,0.20253164556962,0.5,-0.024771392
0.430379746835443,0.20253164556962,0.5,-0.029284675
0.455696202531646,0.20253164556962,0.5,-0.03418347
0.481012658227848,0.20253164556962,0.5,-0.039306883
0.506329113924051,0.20253164556962,0.5,-0.04447585
0.531645569620253,0.20253164556962,0.5,-0.04950257
0.556962025316456,0.20253164556962,0.5,-0.05420206
0.582278481012658,0.20253164556962,0.5,-0.05840308
0.607594936708861,0.20253164556962,0.5,-0.0619596
0.632911392405063,0.20253164556962,0.5,-0.064758316
0.658227848101266,0.20253164556962,0.5,-0.06672314
0.683544303797468,0.20253164556962,0.5,-0.06781834
0.708860759493671,0.20253164556962,0.5,-0.068045765
0.734177215189873,0.20253164556962,0.5,-0.067441136
0.759493670886076,0.20253164556962,0.5,-0.066068724
0.784810126582278,0.20253164556962,0.5,-0.064015135
0.810126582278481,0.20253164556962,0.5,-0.061382946
0.835443037974684,0.20253164556962,0.5,-0.05828541
0.860759493670886,0.20253164556962,0.5,-0.054841604
0.886075949367089,0.20253164556962,0.5,-0.05117202
0.911392405063291,0.20253164556962,0.5,-0.04739392
0.936708860759494,0.20253164556962,0.5,-0.043617945
0.962025316455696,0.20253164556962,0.5,-0.03994335
0.987341772151899,0.20253164556962,0.5,-0.03645434
1.0126582278481,0.20253164556962,0.5,-0.033218164
1.0379746835443,0.20253164556962,0.5,-0.03028329
1.06329113924051,0.20253164556962,0.5,-0.027679384
1.08860759493671,0.20253164556962,0.5,-0.025419667
1.11392405063291,0.20253164556962,0.5,-0.023501914
1.13924050632911,0.20253164556962,0.5,-0.021911323
1.16455696202532,0.20253164556962,0.5,-0.020623054
1.18987341772152,0.20253164556962,0.5,-0.019604221
1.21518987341772,0.20253164556962,0.5,-0.018815078
1.24050632911392,0.20253164556962,0.5,-0.018211216
1.26582278481013,0.20253164556962,0.5,-0.017745595
1.29113924050633,0.20253164556962,0.5,-0.017368276
1.31645569620253,0.20253164556962,0.5,-0.01702891
1.34177215189873,0.20253164556962,0.5,-0.016677659
1.36708860759494,0.20253164556962,0.5,-0.016266238
1.39240506329114,0.20253164556962,0.5,-0.01575021
1.41772151898734,0.20253164556962,0.5,-0.015089843
1.44303797468354,0.20253164556962,0.5,-0.014253471
1.46835443037975,0.20253164556962,0.5,-0.013217006
1.49367088607595,0.20253164556962,0.5,-0.011968065
1.51898734177215,0.20253164556962,0.5,-0.010505434
1.54430379746835,0.20253164556962,0.5,-0.008840207
1.56962025316456,0.20253164556962,0.5,-0.00699465
1.59493670886076,0.20253164556962,0.5,-0.005001355
1.62025316455696,0.20253164556962,0.5,-0.0029010698
1.64556962025316,0.20253164556962,0.5,-0.000740055
1.67088607594937,0.20253164556962,0.5,0.0014333632
1.69620253164557,0.20253164556962,0.5,0.003570849
1.72151898734177,0.20253164556962,0.5,0.0056277737
1.74683544303797,0.20253164556962,0.5,0.0075644962
1.77215189873418,0.20253164556962,0.5,0.009348378
1.79746835443038,0.20253164556962,0.5,0.010954009
1.82278481012658,0.20253164556962,0.5,0.012364598
1.84810126582278,0.20253164556962,0.5,0.01356997
1.87341772151899,0.20253164556962,0.5,0.01456755
1.89873417721519,0.20253164556962,0.5,0.015359849
1.92405063291139,0.20253164556962,0.5,0.015954671
1.94936708860759,0.20253164556962,0.5,0.01636296
1.9746835443038,0.20253164556962,0.5,0.016598446
2,0.20253164556962,0.5,0.01667654
0,0.227848101265823,0.5,-0.036166456
0.0253164556962025,0.227848101265823,0.5,-0.033037093
0.0506329113924051,0.227848101265823,0.5,-0.029864274
0.0759493670886076,0.227848101265823,0.5,-0.026710477
0.10126582278481,0.227848101265823,0.5,-0.02364475
0.126582278481013,0.227848101265823,0.5,-0.020742144
0.151898734177215,0.227848101265823,0.5,-0.018082093
0.177215189873418,0.227848101265823,0.5,-0.015747495
0.20253164556962,0.227848101265823,0.5,-0.0138217695
0.227848101265823,0.227848101265823,0.5,-0.012386896
0.253164556962025,0.227848101265823,0.5,-0.011519499
0.278481012658228,0.227848101265823,0.5,-0.011286996
0.30379746835443,0.227848101265823,0.5,-0.011743572
0.329113924050633,0.227848101265823,0.5,-0.012924504
0.354430379746835,0.227848101265823,0.5,-0.014842216
0.379746835443038,0.227848101265823,0.5,-0.017481174
0.405063291139241,0.227848101265823,0.5,-0.020794548
0.430379746835443,0.227848101265823,0.5,-0.024701849
0.455696202531646,0.227848101265823,0.5,-0.029089846
0.481012658227848,0.227848101265823,0.5,-0.033814277
0.506329113924051,0.227848101265823,0.5,-0.038706187
0.531645569620253,0.227848101265823,0.5,-0.04358003
0.556962025316456,0.227848101265823,0.5,-0.04824465
0.582278481012658,0.227848101265823,0.5,-0.052515376
0.607594936708861,0.227848101265823,0.5,-0.0562254
0.632911392405063,0.227848101265823,0.5,-0.059237275
0.658227848101266,0.227848101265823,0.5,-0.061449345
0.683544303797468,0.227848101265823,0.5,-0.06280188
0.708860759493671,0.227848101265823,0.5,-0.06327744
0.734177215189873,0.227848101265823,0.5,-0.06289823
0.759493670886076,0.227848101265823,0.5,-0.0617222
0.784810126582278,0.227848101265823,0.5,-0.059836764
0.810126582278481,0.227848101265823,0.5,-0.05735157
0.835443037974684,0.227848101265823,0.5,-0.054391574
0.860759493670886,0.227848101265823,0.5,-0.051090065
0.886075949367089,0.227848101265823,0.5,-0.047582384
0.911392405063291,0.227848101265823,0.5,-0.04399858
0.936708860759494,0.227848101265823,0.5,-0.040457856
0.962025316455696,0.227848101265823,0.5,-0.03706311
0.987341772151899,0.227848101265823,0.5,-0.03389692
1.0126582278481,0.227848101265823,0.5,-0.031019036
1.0379746835443,0.227848101265823,0.5,-0.028466597
1.06329113924051,0.227848101265823,0.5,-0.026255988
1.08860759493671,0.227848101265823,0.5,-0.024385717
1.11392405063291,0.227848101265823,0.5,-0.022840682
1.13924050632911,0.227848101265823,0.5,-0.021594793
1.16455696202532,0.227848101265823,0.5,-0.0206144
1.18987341772152,0.227848101265823,0.5,-0.019860506
1.21518987341772,0.227848101265823,0.5,-0.019289926
1.24050632911392,0.227848101265823,0.5,-0.01885758
1.26582278481013,0.227848101265823,0.5,-0.018516395
1.29113924050633,0.227848101265823,0.5,-0.018218711
1.31645569620253,0.227848101265823,0.5,-0.017917182
1.34177215189873,0.227848101265823,0.5,-0.017565463
1.36708860759494,0.227848101265823,0.5,-0.017120142
1.39240506329114,0.227848101265823,0.5,-0.016541336
1.41772151898734,0.227848101265823,0.5,-0.015795533
1.44303797468354,0.227848101265823,0.5,-0.014856659
1.46835443037975,0.227848101265823,0.5,-0.013708729
1.49367088607595,0.227848101265823,0.5,-0.012346387
1.51898734177215,0.227848101265823,0.5,-0.010776188
1.54430379746835,0.227848101265823,0.5,-0.009016503
1.56962025316456,0.227848101265823,0.5,-0.00709654
1.59493670886076,0.227848101265823,0.5,-0.005054403
1.62025316455696,0.227848101265823,0.5,-0.0029342957
1.64556962025316,0.227848101265823,0.5,-0.0007841177
1.67088607594937,0.227848101265823,0.5,0.0013475642
1.69620253164557,0.227848101265823,0.5,0.0034153387
1.72151898734177,0.227848101265823,0.5,0.005377855
1.74683544303797,0.227848101265823,0.5,0.007200893
1.77215189873418,0.227848101265823,0.5,0.0088570975
1.79746835443038,0.227848101265823,0.5,0.01032735
1.82278481012658,0.227848101265823,0.5,0.011599811
1.84810126582278,0.227848101265823,0.5,0.012669882
1.87341772151899,0.227848101265823,0.5,0.013538621
1.89873417721519,0.227848101265823,0.5,0.014212504
1.92405063291139,0.227848101265823,0.5,0.014701016
1.94936708860759,0.227848101265823,0.5,0.0150173195
1.9746835443038,0.227848101265823,0.5,0.015175637
2,0.227848101265823,0.5,0.015191529
0,0.253164556962025,0.5,-0.039727557
0.0253164556962025,0.253164556962025,0.5,-0.0366718
0.0506329113924051,0.253164556962025,0.5,-0.0335096
0.0759493670886076,0.253164556962025,0.5,-0.030297514
0.10126582278481,0.253164556962025,0.5,-0.027100231
0.126582278481013,0.253164556962025,0.5,-0.023988418
0.151898734177215,0.253164556962025,0.5,-0.02103867
0.177215189873418,0.253164556962025,0.5,-0.0183325
0.20253164556962,0.253164556962025,0.5,-0.01595426
0.227848101265823,0.253164556962025,0.5,-0.013988614
0.253164556962025,0.253164556962025,0.5,-0.012518175
0.278481012658228,0.253164556962025,0.5,-0.011619169
0.30379746835443,0.253164556962025,0.5,-0.011357706
0.329113924050633,0.253164556962025,0.5,-0.011785187
0.354430379746835,0.253164556962025,0.5,-0.012932714
0.379746835443038,0.253164556962025,0.5,-0.01480655
0.405063291139241,0.253164556962025,0.5,-0.0173839
0.430379746835443,0.253164556962025,0.5,-0.020608615
0.455696202531646,0.253164556962025,0.5,-0.024390839
0.481012658227848,0.253164556962025,0.5,-0.028606478
0.506329113924051,0.253164556962025,0.5,-0.03310183
0.531645569620253,0.253164556962025,0.5,-0.03769974
0.556962025316456,0.253164556962025,0.5,-0.04220901
0.582278481012658,0.253164556962025,0.5,-0.046436284
0.607594936708861,0.253164556962025,0.5,-0.050199542
0.632911392405063,0.253164556962025,0.5,-0.05333824
0.658227848101266,0.253164556962025,0.5,-0.055726733
0.683544303797468,0.253164556962025,0.5,-0.05727957
0.708860759493671,0.253164556962025,0.5,-0.057957422
0.734177215189873,0.253164556962025,0.5,-0.057766113
0.759493670886076,0.253164556962025,0.5,-0.056754123
0.784810126582278,0.253164556962025,0.5,-0.05500747
0.810126582278481,0.253164556962025,0.5,-0.05264161
0.835443037974684,0.253164556962025,0.5,-0.049793568
0.860759493670886,0.253164556962025,0.5,-0.046611857
0.886075949367089,0.253164556962025,0.5,-0.043248314
0.911392405063291,0.253164556962025,0.5,-0.039847363
0.936708860759494,0.253164556962025,0.5,-0.036538046
0.962025316455696,0.253164556962025,0.5,-0.03342722
0.987341772151899,0.253164556962025,0.5,-0.030594345
1.0126582278481,0.253164556962025,0.5,-0.028090462
1.0379746835443,0.253164556962025,0.5,-0.02593916
1.06329113924051,0.253164556962025,0.5,-0.0241411
1.08860759493671,0.253164556962025,0.5,-0.022678997
1.11392405063291,0.253164556962025,0.5,-0.021522745
1.13924050632911,0.253164556962025,0.5,-0.020634357
1.16455696202532,0.253164556962025,0.5,-0.019971713
1.18987341772152,0.253164556962025,0.5,-0.019489676
1.21518987341772,0.253164556962025,0.5,-0.019143526
1.24050632911392,0.253164556962025,0.5,-0.01888733
1.26582278481013,0.253164556962025,0.5,-0.018676031
1.29113924050633,0.253164556962025,0.5,-0.018465549
1.31645569620253,0.253164556962025,0.5,-0.018211927
1.34177215189873,0.253164556962025,0.5,-0.017874043
1.36708860759494,0.253164556962025,0.5,-0.01741312
1.39240506329114,0.253164556962025,0.5,-0.016795453
1.41772151898734,0.253164556962025,0.5,-0.015993353
1.44303797468354,0.253164556962025,0.5,-0.014987286
1.46835443037975,0.253164556962025,0.5,-0.013768185
1.49367088607595,0.253164556962025,0.5,-0.012337573
1.51898734177215,0.253164556962025,0.5,-0.010709342
1.54430379746835,0.253164556962025,0.5,-0.008907855
1.56962025316456,0.253164556962025,0.5,-0.0069676824
1.59493670886076,0.253164556962025,0.5,-0.0049303807
1.62025316455696,0.253164556962025,0.5,-0.0028421842
1.64556962025316,0.253164556962025,0.5,-0.0007509254
1.67088607594937,0.253164556962025,0.5,0.0012970846
1.69620253164557,0.253164556962025,0.5,0.0032594092
1.72151898734177,0.253164556962025,0.5,0.005099669
1.74683544303797,0.253164556962025,0.5,0.006788783
1.77215189873418,0.253164556962025,0.5,0.00830487
1.79746835443038,0.253164556962025,0.5,0.009633945
1.82278481012658,0.253164556962025,0.5,0.010769127
1.84810126582278,0.253164556962025,0.5,0.011709224
1.87341772151899,0.253164556962025,0.5,0.012459243
1.89873417721519,0.253164556962025,0.5,0.013027091
1.92405063291139,0.253164556962025,0.5,0.013424151
1.94936708860759,0.253164556962025,0.5,0.013663961
1.9746835443038,0.253164556962025,0.5,0.013760857
2,0.253164556962025,0.5,0.013729993
0,0.278481012658228,0.5,-0.043122288
0.0253164556962025,0.278481012658228,0.5,-0.040204745
0.0506329113924051,0.278481012658228,0.5,-0.037121993
0.0759493670886076,0.278481012658228,0.5,-0.033924986
0.10126582278481,0.278481012658228,0.5,-0.030671578
0.126582278481013,0.278481012658228,0.5,-0.027427621
0.151898734177215,0.278481012658228,0.5,-0.024265781
0.177215189873418,0.278481012658228,0.5,-0.021264572
0.20253164556962,0.278481012658228,0.5,-0.018506736
0.227848101265823,0.278481012658228,0.5,-0.016078535
0.253164556962025,0.278481012658228,0.5,-0.014065228
0.278481012658228,0.278481012658228,0.5,-0.012549516
0.30379746835443,0.278481012658228,0.5,-0.0116071515
0.329113924050633,0.278481012658228,0.5,-0.011302289
0.354430379746835,0.278481012658228,0.5,-0.011682477
0.379746835443038,0.278481012658228,0.5,-0.012773763
0.405063291139241,0.278481012658228,0.5,-0.014575761
0.430379746835443,0.278481012658228,0.5,-0.017056748
0.455696202531646,0.278481012658228,0.5,-0.02015097
0.481012658227848,0.278481012658228,0.5,-0.02375758
0.506329113924051,0.278481012658228,0.5,-0.027741838
0.531645569620253,0.278481012658228,0.5,-0.03194006
0.556962025316456,0.278481012658228,0.5,-0.036167394
0.582278481012658,0.278481012658228,0.5,-0.040228005
0.607594936708861,0.278481012658228,0.5,-0.043928716
0.632911392405063,0.278481012658228,0.5,-0.047091577
0.658227848101266,0.278481012658228,0.5,-0.049567353
0.683544303797468,0.278481012658228,0.5,-0.051245797
0.708860759493671,0.278481012658228,0.5,-0.052063476
0.734177215189873,0.278481012658228,0.5,-0.052007254
0.759493670886076,0.278481012658228,0.5,-0.05111335
0.784810126582278,0.278481012658228,0.5,-0.049463544
0.810126582278481,0.278481012658228,0.5,-0.04717819
0.835443037974684,0.278481012658228,0.5,-0.04440568
0.860759493670886,0.278481012658228,0.5,-0.04131085
0.886075949367089,0.278481012658228,0.5,-0.038063552
0.911392405063291,0.278481012658228,0.5,-0.034824748
0.936708860759494,0.278481012658228,0.5,-0.03173439
0.962025316455696,0.278481012658228,0.5,-0.028903663
0.987341772151899,0.278481012658228,0.5,-0.026408523
1.0126582278481,0.278481012658228,0.5,-0.02428941
1.0379746835443,0.278481012658228,0.5,-0.022554751
1.06329113924051,0.278481012658228,0.5,-0.021186654
1.08860759493671,0.278481012658228,0.5,-0.02015002
1.11392405063291,0.278481012658228,0.5,-0.019398756
1.13924050632911,0.278481012658228,0.5,-0.01888236
1.16455696202532,0.278481012658228,0.5,-0.018550158
1.18987341772152,0.278481012658228,0.5,-0.018352203
1.21518987341772,0.278481012658228,0.5,-0.018241987
1.24050632911392,0.278481012658228,0.5,-0.018174876
1.26582278481013,0.278481012658228,0.5,-0.018108916
1.29113924050633,0.278481012658228,0.5,-0.018003818
1.31645569620253,0.278481012658228,0.5,-0.017820895
1.34177215189873,0.278481012658228,0.5,-0.017524716
1.36708860759494,0.278481012658228,0.5,-0.017081741
1.39240506329114,0.278481012658228,0.5,-0.016463932
1.41772151898734,0.278481012658228,0.5,-0.015649632
1.44303797468354,0.278481012658228,0.5,-0.01462562
1.46835443037975,0.278481012658228,0.5,-0.013389073
1.49367088607595,0.278481012658228,0.5,-0.011947624
1.51898734177215,0.278481012658228,0.5,-0.010320481
1.54430379746835,0.278481012658228,0.5,-0.008537222
1.56962025316456,0.278481012658228,0.5,-0.0066354163
1.59493670886076,0.278481012658228,0.5,-0.0046587847
1.62025316455696,0.278481012658228,0.5,-0.0026534721
1.64556962025316,0.278481012658228,0.5,-0.00066600926
1.67088607594937,0.278481012658228,0.5,0.0012604371
1.69620253164557,0.278481012658228,0.5,0.0030878056
1.72151898734177,0.278481012658228,0.5,0.0047842525
1.74683544303797,0.278481012658228,0.5,0.0063255727
1.77215189873418,0.278481012658228,0.5,0.007694995
1.79746835443038,0.278481012658228,0.5,0.008882705
1.82278481012658,0.278481012658228,0.5,0.009885291
1.84810126582278,0.278481012658228,0.5,0.010705154
1.87341772151899,0.278481012658228,0.5,0.011348255
1.89873417721519,0.278481012658228,0.5,0.011824086
1.92405063291139,0.278481012658228,0.5,0.012144636
1.94936708860759,0.278481012658228,0.5,0.012323204
1.9746835443038,0.278481012658228,0.5,0.012373522
2,0.278481012658228,0.5,0.012309808
0,0.30379746835443,0.5,-0.04626805
0.0253164556962025,0.30379746835443,0.5,-0.043549728
0.0506329113924051,0.30379746835443,0.5,-0.040613037
0.0759493670886076,0.30379746835443,0.5,-0.0375014
0.10126582278481,0.30379746835443,0.5,-0.03426664
0.126582278481013,0.30379746835443,0.5,-0.030968226
0.151898734177215,0.30379746835443,0.5,-0.027673364
0.177215189873418,0.30379746835443,0.5,-0.024456259
0.20253164556962,0.30379746835443,0.5,-0.021397106
0.227848101265823,0.30379746835443,0.5,-0.018580418
0.253164556962025,0.30379746835443,0.5,-0.016092818
0.278481012658228,0.30379746835443,0.5,-0.014020786
0.30379746835443,0.30379746835443,0.5,-0.0124465525
0.329113924050633,0.30379746835443,0.5,-0.011444461
0.354430379746835,0.30379746835443,0.5,-0.011075661
0.379746835443038,0.30379746835443,0.5,-0.011383623
0.405063291139241,0.30379746835443,0.5,-0.012388121
0.430379746835443,0.30379746835443,0.5,-0.014080677
0.455696202531646,0.30379746835443,0.5,-0.016419824
0.481012658227848,0.30379746835443,0.5,-0.019328866
0.506329113924051,0.30379746835443,0.5,-0.022695426
0.531645569620253,0.30379746835443,0.5,-0.026373792
0.556962025316456,0.30379746835443,0.5,-0.030190233
0.582278481012658,0.30379746835443,0.5,-0.03395308
0.607594936708861,0.30379746835443,0.5,-0.03746381
0.632911392405063,0.30379746835443,0.5,-0.040531475
0.658227848101266,0.30379746835443,0.5,-0.042987432
0.683544303797468,0.30379746835443,0.5,-0.044697125
0.708860759493671,0.30379746835443,0.5,-0.04557352
0.734177215189873,0.30379746835443,0.5,-0.045582134
0.759493670886076,0.30379746835443,0.5,-0.04474402
0.784810126582278,0.30379746835443,0.5,-0.043134827
0.810126582278481,0.30379746835443,0.5,-0.04087719
0.835443037974684,0.30379746835443,0.5,-0.03813077
0.860759493670886,0.30379746835443,0.5,-0.035077747
0.886075949367089,0.30379746835443,0.5,-0.031907152
0.911392405063291,0.30379746835443,0.5,-0.028798185
0.936708860759494,0.30379746835443,0.5,-0.025904149
0.962025316455696,0.30379746835443,0.5,-0.023340669
0.987341772151899,0.30379746835443,0.5,-0.021179978
1.0126582278481,0.30379746835443,0.5,-0.019450821
1.0379746835443,0.30379746835443,0.5,-0.018143285
1.06329113924051,0.30379746835443,0.5,-0.017220054
1.08860759493671,0.30379746835443,0.5,-0.016625907
1.11392405063291,0.30379746835443,0.5,-0.01629746
1.13924050632911,0.30379746835443,0.5,-0.016171306
1.16455696202532,0.30379746835443,0.5,-0.016187612
1.18987341772152,0.30379746835443,0.5,-0.016292855
1.21518987341772,0.30379746835443,0.5,-0.016439501
1.24050632911392,0.30379746835443,0.5,-0.016585704
1.26582278481013,0.30379746835443,0.5,-0.016692966
1.29113924050633,0.30379746835443,0.5,-0.016726531
1.31645569620253,0.30379746835443,0.5,-0.01665353
1.34177215189873,0.30379746835443,0.5,-0.016443264
1.36708860759494,0.30379746835443,0.5,-0.016068447
1.39240506329114,0.30379746835443,0.5,-0.015506107
1.41772151898734,0.30379746835443,0.5,-0.014740035
1.44303797468354,0.30379746835443,0.5,-0.013762366
1.46835443037975,0.30379746835443,0.5,-0.012574803
1.49367088607595,0.30379746835443,0.5,-0.011190172
1.51898734177215,0.30379746835443,0.5,-0.0096316375
1.54430379746835,0.30379746835443,0.5,-0.0079312995
1.56962025316456,0.30379746835443,0.5,-0.006128922
1.59493670886076,0.30379746835443,0.5,-0.004268255
1.62025316455696,0.30379746835443,0.5,-0.002394516
1.64556962025316,0.30379746835443,0.5,-0.0005512126
1.67088607594937,0.30379746835443,0.5,0.0012218431
1.69620253164557,0.30379746835443,0.5,0.0028906576
1.72151898734177,0.30379746835443,0.5,0.004427979
1.74683544303797,0.30379746835443,0.5,0.005814014
1.77215189873418,0.30379746835443,0.5,0.0070356783
1.79746835443038,0.30379746835443,0.5,0.008086193
1.82278481012658,0.30379746835443,0.5,0.008965032
1.84810126582278,0.30379746835443,0.5,0.009675553
1.87341772151899,0.30379746835443,0.5,0.010225138
1.89873417721519,0.30379746835443,0.5,0.010623407
1.92405063291139,0.30379746835443,0.5,0.010881893
1.94936708860759,0.30379746835443,0.5,0.011013053
1.9746835443038,0.30379746835443,0.5,0.011030056
2,0.30379746835443,0.5,0.0109455995
0,0.329113924050633,0.5,-0.04908314
0.0253164556962025,0.329113924050633,0.5,-0.046620283
0.0506329113924051,0.329113924050633,0.5,-0.04389171
0.0759493670886076,0.329113924050633,0.5,-0.04093336
0.10126582278481,0.329113924050633,0.5,-0.037789833
0.126582278481013,0.329113924050633,0.5,-0.034513365
0.151898734177215,0.329113924050633,0.5,-0.031164967
0.177215189873418,0.329113924050633,0.5,-0.027813192
0.20253164556962,0.329113924050633,0.5,-0.024533466
0.227848101265823,0.329113924050633,0.5,-0.0214075
0.253164556962025,0.329113924050633,0.5,-0.018520854
0.278481012658228,0.329113924050633,0.5,-0.015961152
0.30379746835443,0.329113924050633,0.5,-0.01381487
0.329113924050633,0.329113924050633,0.5,-0.012163129
0.354430379746835,0.329113924050633,0.5,-0.011078294
0.379746835443038,0.329113924050633,0.5,-0.010617897
0.405063291139241,0.329113924050633,0.5,-0.010819405
0.430379746835443,0.329113924050633,0.5,-0.011695702
0.455696202531646,0.329113924050633,0.5,-0.013228543
0.481012658227848,0.329113924050633,0.5,-0.015365992
0.506329113924051,0.329113924050633,0.5,-0.018019129
0.531645569620253,0.329113924050633,0.5,-0.021063264
0.556962025316456,0.329113924050633,0.5,-0.024341345
0.582278481012658,0.329113924050633,0.5,-0.027670782
0.607594936708861,0.329113924050633,0.5,-0.030854095
0.632911392405063,0.329113924050633,0.5,-0.03369319
0.658227848101266,0.329113924050633,0.5,-0.03600366
0.683544303797468,0.329113924050633,0.5,-0.037631113
0.708860759493671,0.329113924050633,0.5,-0.038464468
0.734177215189873,0.329113924050633,0.5,-0.03844742
0.759493670886076,0.329113924050633,0.5,-0.03758442
0.784810126582278,0.329113924050633,0.5,-0.035941977
0.810126582278481,0.329113924050633,0.5,-0.033643607
0.835443037974684,0.329113924050633,0.5,-0.030858781
0.860759493670886,0.329113924050633,0.5,-0.027787682
0.886075949367089,0.329113924050633,0.5,-0.024640623
0.911392405063291,0.329113924050633,0.5,-0.021616727
0.936708860759494,0.329113924050633,0.5,-0.018883917
0.962025316455696,0.329113924050633,0.5,-0.016564082
0.987341772151899,0.329113924050633,0.5,-0.014725756
1.0126582278481,0.329113924050633,0.5,-0.013384063
1.0379746835443,0.329113924050633,0.5,-0.0125103295
1.06329113924051,0.329113924050633,0.5,-0.012044698
1.08860759493671,0.329113924050633,0.5,-0.011910256
1.11392405063291,0.329113924050633,0.5,-0.012025263
1.13924050632911,0.329113924050633,0.5,-0.012312468
1.16455696202532,0.329113924050633,0.5,-0.012703564
1.18987341772152,0.329113924050633,0.5,-0.013141461
1.21518987341772,0.329113924050633,0.5,-0.013579223
1.24050632911392,0.329113924050633,0.5,-0.01397758
1.26582278481013,0.329113924050633,0.5,-0.014303423
1.29113924050633,0.329113924050633,0.5,-0.014527161
1.31645569620253,0.329113924050633,0.5,-0.014621712
1.34177215189873,0.329113924050633,0.5,-0.014561698
1.36708860759494,0.329113924050633,0.5,-0.014324661
1.39240506329114,0.329113924050633,0.5,-0.013891865
1.41772151898734,0.329113924050633,0.5,-0.0132511
1.44303797468354,0.329113924050633,0.5,-0.012398098
1.46835443037975,0.329113924050633,0.5,-0.01133813
1.49367088607595,0.329113924050633,0.5,-0.010086842
1.51898734177215,0.329113924050633,0.5,-0.008669592
1.54430379746835,0.329113924050633,0.5,-0.007120017
1.56962025316456,0.329113924050633,0.5,-0.0054779463
1.59493670886076,0.329113924050633,0.5,-0.0037861168
1.62025316455696,0.329113924050633,0.5,-0.002087608
1.64556962025316,0.329113924050633,0.5,-0.00042343698
1.67088607594937,0.329113924050633,0.5,0.0011707284
1.69620253164557,0.329113924050633,0.5,0.002664119
1.72151898734177,0.329113924050633,0.5,0.004033558
1.74683544303797,0.329113924050633,0.5,0.005261805
1.77215189873418,0.329113924050633,0.5,0.006338846
1.79746835443038,0.329113924050633,0.5,0.007259829
1.82278481012658,0.329113924050633,0.5,0.008025218
1.84810126582278,0.329113924050633,0.5,0.008639129
1.87341772151899,0.329113924050633,0.5,0.009108597
1.89873417721519,0.329113924050633,0.5,0.0094429795
1.92405063291139,0.329113924050633,0.5,0.009652849
1.94936708860759,0.329113924050633,0.5,0.009749517
1.9746835443038,0.329113924050633,0.5,0.009744417
2,0.329113924050633,0.5,0.009649131
0,0.354430379746835,0.5,-0.051488694
0.0253164556962025,0.354430379746835,0.5,-0.049331475
0.0506329113924051,0.354430379746835,0.5,-0.046867784
0.0759493670886076,0.354430379746835,0.5,-0.044126105
0.10126582278481,0.354430379746835,0.5,-0.04114269
0.126582278481013,0.354430379746835,0.5,-0.037962537
0.151898734177215,0.354430379746835,0.5,-0.034638803
0.177215189873418,0.354430379746835,0.5,-0.031233236
0.20253164556962,0.354430379746835,0.5,-0.027815763
0.227848101265823,0.354430379746835,0.5,-0.024462927
0.253164556962025,0.354430379746835,0.5,-0.021257557
0.278481012658228,0.354430379746835,0.5,-0.018286105
0.30379746835443,0.354430379746835,0.5,-0.015636224
0.329113924050633,0.354430379746835,0.5,-0.013393678
0.354430379746835,0.354430379746835,0.5,-0.011638287
0.379746835443038,0.354430379746835,0.5,-0.010438759
0.405063291139241,0.354430379746835,0.5,-0.009847768
0.430379746835443,0.354430379746835,0.5,-0.009896491
0.455696202531646,0.354430379746835,0.5,-0.010588478
0.481012658227848,0.354430379746835,0.5,-0.011894971
0.506329113924051,0.354430379746835,0.5,-0.01375176
0.531645569620253,0.354430379746835,0.5,-0.01605722
0.556962025316456,0.354430379746835,0.5,-0.01867365
0.582278481012658,0.354430379746835,0.5,-0.02143285
0.607594936708861,0.354430379746835,0.5,-0.024144713
0.632911392405063,0.354430379746835,0.5,-0.026609492
0.658227848101266,0.354430379746835,0.5,-0.028632708
0.683544303797468,0.354430379746835,0.5,-0.030043866
0.708860759493671,0.354430379746835,0.5,-0.03071066
0.734177215189873,0.354430379746835,0.5,-0.030555587
0.759493670886076,0.354430379746835,0.5,-0.029565495
0.784810126582278,0.354430379746835,0.5,-0.027795937
0.810126582278481,0.354430379746835,0.5,-0.025369368
0.835443037974684,0.354430379746835,0.5,-0.022464734
0.860759493670886,0.354430379746835,0.5,-0.019299593
0.886075949367089,0.354430379746835,0.5,-0.01610674
0.911392405063291,0.354430379746835,0.5,-0.013107974
0.936708860759494,0.354430379746835,0.5,-0.01048797
0.962025316455696,0.354430379746835,0.5,-0.008376185
0.987341772151899,0.354430379746835,0.5,-0.0068374686
1.0126582278481,0.354430379746835,0.5,-0.005873468
1.0379746835443,0.354430379746835,0.5,-0.0054348223
1.06329113924051,0.354430379746835,0.5,-0.0054376945
1.08860759493671,0.354430379746835,0.5,-0.0057816245
1.11392405063291,0.354430379746835,0.5,-0.0063654594
1.13924050632911,0.354430379746835,0.5,-0.007097289
1.16455696202532,0.354430379746835,0.5,-0.007900782
1.18987341772152,0.354430379746835,0.5,-0.008715425
1.21518987341772,0.354430379746835,0.5,-0.009494763
1.24050632911392,0.354430379746835,0.5,-0.010203823
1.26582278481013,0.354430379746835,0.5,-0.010814194
1.29113924050633,0.354430379746835,0.5,-0.011302024
1.31645569620253,0.354430379746835,0.5,-0.011644598
1.34177215189873,0.354430379746835,0.5,-0.011821117
1.36708860759494,0.354430379746835,0.5,-0.01181208
1.39240506329114,0.354430379746835,0.5,-0.011601556
1.41772151898734,0.354430379746835,0.5,-0.0111791305
1.44303797468354,0.354430379746835,0.5,-0.010542501
1.46835443037975,0.354430379746835,0.5,-0.009698268
1.49367088607595,0.354430379746835,0.5,-0.008663312
1.51898734177215,0.354430379746835,0.5,-0.007463459
1.54430379746835,0.354430379746835,0.5,-0.006132543
1.56962025316456,0.354430379746835,0.5,-0.004709199
1.59493670886076,0.354430379746835,0.5,-0.0032347478
1.62025316455696,0.354430379746835,0.5,-0.0017501228
1.64556962025316,0.354430379746835,0.5,-0.00029313937
1.67088607594937,0.354430379746835,0.5,0.0011027865
1.69620253164557,0.354430379746835,0.5,0.0024098344
1.72151898734177,0.354430379746835,0.5,0.0036072358
1.74683544303797,0.354430379746835,0.5,0.0046798103
1.77215189873418,0.354430379746835,0.5,0.0056186784
1.79746835443038,0.354430379746835,0.5,0.0064197294
1.82278481012658,0.354430379746835,0.5,0.007083388
1.84810126582278,0.354430379746835,0.5,0.0076132994
1.87341772151899,0.354430379746835,0.5,0.008015793
1.89873417721519,0.354430379746835,0.5,0.008298911
1.92405063291139,0.354430379746835,0.5,0.008471958
1.94936708860759,0.354430379746835,0.5,0.008544628
1.9746835443038,0.354430379746835,0.5,0.008527122
2,0.354430379746835,0.5,0.008429103
0,0.379746835443038,0.5,-0.053409565
0.0253164556962025,0.379746835443038,0.5,-0.05160087
0.0506329113924051,0.379746835443038,0.5,-0.049452495
0.0759493670886076,0.379746835443038,0.5,-0.046984907
0.10126582278481,0.379746835443038,0.5,-0.044225905
0.126582278481013,0.379746835443038,0.5,-0.041212056
0.151898734177215,0.379746835443038,0.5,-0.037988495
0.177215189873418,0.379746835443038,0.5,-0.034609143
0.20253164556962,0.379746835443038,0.5,-0.031136494
0.227848101265823,0.379746835443038,0.5,-0.02764092
0.253164556962025,0.379746835443038,0.5,-0.02420032
0.278481012658228,0.379746835443038,0.5,-0.020897768
0.30379746835443,0.379746835443038,0.5,-0.017820086
0.329113924050633,0.379746835443038,0.5,-0.015054457
0.354430379746835,0.379746835443038,0.5,-0.01268518
0.379746835443038,0.379746835443038,0.5,-0.010789074
0.405063291139241,0.379746835443038,0.5,-0.0094307475
0.430379746835443,0.379746835443038,0.5,-0.008656409
0.455696202531646,0.379746835443038,0.5,-0.008488841
0.481012658227848,0.379746835443038,0.5,-0.008921277
0.506329113924051,0.379746835443038,0.5,-0.009912819
0.531645569620253,0.379746835443038,0.5,-0.011385839
0.556962025316456,0.379746835443038,0.5,-0.013224721
0.582278481012658,0.379746835443038,0.5,-0.015279379
0.607594936708861,0.379746835443038,0.5,-0.017371688
0.632911392405063,0.379746835443038,0.5,-0.019306473
0.658227848101266,0.379746835443038,0.5,-0.020885821
0.683544303797468,0.379746835443038,0.5,-0.021927368
0.708860759493671,0.379746835443038,0.5,-0.02228221
0.734177215189873,0.379746835443038,0.5,-0.021853346
0.759493670886076,0.379746835443038,0.5,-0.02060986
0.784810126582278,0.379746835443038,0.5,-0.018596407
0.810126582278481,0.379746835443038,0.5,-0.015932828
0.835443037974684,0.379746835443038,0.5,-0.012806304
0.860759493670886,0.379746835443038,0.5,-0.009452403
0.886075949367089,0.379746835443038,0.5,-0.00612751
0.911392405063291,0.379746835443038,0.5,-0.0030774362
0.936708860759494,0.379746835443038,0.5,-0.0005060863
0.962025316455696,0.379746835443038,0.5,0.0014471635
0.987341772151899,0.379746835443038,0.5,0.002720097
1.0126582278481,0.379746835443038,0.5,0.003324654
1.0379746835443,0.379746835443038,0.5,0.0033318102
1.06329113924051,0.379746835443038,0.5,0.0028507523
1.08860759493671,0.379746835443038,0.5,0.0020066015
1.11392405063291,0.379746835443038,0.5,0.00092137605
1.13924050632911,0.379746835443038,0.5,-0.00029804185
1.16455696202532,0.379746835443038,0.5,-0.0015665777
1.18987341772152,0.379746835443038,0.5,-0.002820257
1.21518987341772,0.379746835443038,0.5,-0.004013866
1.24050632911392,0.379746835443038,0.5,-0.005115766
1.26582278481013,0.379746835443038,0.5,-0.0061022006
1.29113924050633,0.379746835443038,0.5,-0.006952908
1.31645569620253,0.379746835443038,0.5,-0.007649306
1.34177215189873,0.379746835443038,0.5,-0.008171942
1.36708860759494,0.379746835443038,0.5,-0.008502614
1.39240506329114,0.379746835443038,0.5,-0.008625332
1.41772151898734,0.379746835443038,0.5,-0.008529592
1.44303797468354,0.379746835443038,0.5,-0.008212175
1.46835443037975,0.379746835443038,0.5,-0.0076794624
1.49367088607595,0.379746835443038,0.5,-0.0069477037
1.51898734177215,0.379746835443038,0.5,-0.006042011
1.54430379746835,0.379746835443038,0.5,-0.0049954504
1.56962025316456,0.379746835443038,0.5,-0.0038452968
1.59493670886076,0.379746835443038,0.5,-0.002631396
1.62025316455696,0.379746835443038,0.5,-0.0013926774
1.64556962025316,0.379746835443038,0.5,-0.00016533211
1.67088607594937,0.379746835443038,0.5,0.0010189731
1.69620253164557,0.379746835443038,0.5,0.002134066
1.72151898734177,0.379746835443038,0.5,0.0031599198
1.74683544303797,0.379746835443038,0.5,0.0040819887
1.77215189873418,0.379746835443038,0.5,0.004891187
1.79746835443038,0.379746835443038,0.5,0.005582826
1.82278481012658,0.379746835443038,0.5,0.006156523
1.84810126582278,0.379746835443038,0.5,0.0066145007
1.87341772151899,0.379746835443038,0.5,0.0069618933
1.89873417721519,0.379746835443038,0.5,0.0072048977
1.92405063291139,0.379746835443038,0.5,0.007351231
1.94936708860759,0.379746835443038,0.5,0.007408764
1.9746835443038,0.379746835443038,0.5,0.0073861033
2,0.379746835443038,0.5,0.007291604
0,0.405063291139241,0.5,-0.05477595
0.0253164556962025,0.405063291139241,0.5,-0.053350683
0.0506329113924051,0.405063291139241,0.5,-0.05156019
0.0759493670886076,0.405063291139241,0.5,-0.049416784
0.10126582278481,0.405063291139241,0.5,-0.046939995
0.126582278481013,0.405063291139241,0.5,-0.044157322
0.151898734177215,0.405063291139241,0.5,-0.04110499
0.177215189873418,0.405063291139241,0.5,-0.037828367
0.20253164556962,0.405063291139241,0.5,-0.03438138
0.227848101265823,0.405063291139241,0.5,-0.030827034
0.253164556962025,0.405063291139241,0.5,-0.027236197
0.278481012658228,0.405063291139241,0.5,-0.023686942
0.30379746835443,0.405063291139241,0.5,-0.02026242
0.329113924050633,0.405063291139241,0.5,-0.0170485
0.354430379746835,0.405063291139241,0.5,-0.014131285
0.379746835443038,0.405063291139241,0.5,-0.0115924105
0.405063291139241,0.405063291139241,0.5,-0.009504635
0.430379746835443,0.405063291139241,0.5,-0.007926449
0.455696202531646,0.405063291139241,0.5,-0.0068963207
0.481012658227848,0.405063291139241,0.5,-0.006426897
0.506329113924051,0.405063291139241,0.5,-0.006499294
0.531645569620253,0.405063291139241,0.5,-0.007058803
0.556962025316456,0.405063291139241,0.5,-0.008013483
0.582278481012658,0.405063291139241,0.5,-0.009233817
0.607594936708861,0.405063291139241,0.5,-0.010558002
0.632911392405063,0.405063291139241,0.5,-0.011800546
0.658227848101266,0.405063291139241,0.5,-0.012766257
0.683544303797468,0.405063291139241,0.5,-0.0132668875
0.708860759493671,0.405063291139241,0.5,-0.013141725
0.734177215189873,0.405063291139241,0.5,-0.01227821
0.759493670886076,0.405063291139241,0.5,-0.010629907
0.784810126582278,0.405063291139241,0.5,-0.008229937
0.810126582278481,0.405063291139241,0.5,-0.005196195
0.835443037974684,0.405063291139241,0.5,-0.0017231442
0.860759493670886,0.405063291139241,0.5,0.0019354708
0.886075949367089,0.405063291139241,0.5,0.005498953
0.911392405063291,0.405063291139241,0.5,0.008695021
0.936708860759494,0.405063291139241,0.5,0.011297829
0.962025316455696,0.405063291139241,0.5,0.013156794
0.987341772151899,0.405063291139241,0.5,0.01421003
1.0126582278481,0.405063291139241,0.5,0.014482163
1.0379746835443,0.405063291139241,0.5,0.0140659325
1.06329113924051,0.405063291139241,0.5,0.013096727
1.08860759493671,0.405063291139241,0.5,0.011725549
1.11392405063291,0.405063291139241,0.5,0.010096051
1.13924050632911,0.405063291139241,0.5,0.008331183
1.16455696202532,0.405063291139241,0.5,0.00652558
1.18987341772152,0.405063291139241,0.5,0.0047467537
1.21518987341772,0.405063291139241,0.5,0.0030399598
1.24050632911392,0.405063291139241,0.5,0.0014348514
1.26582278481013,0.405063291139241,0.5,-0.00004758686
1.29113924050633,0.405063291139241,0.5,-0.0013893209
1.31645569620253,0.405063291139241,0.5,-0.0025718324
1.34177215189873,0.405063291139241,0.5,-0.0035749786
1.36708860759494,0.405063291139241,0.5,-0.0043779537
1.39240506329114,0.405063291139241,0.5,-0.0049622618
1.41772151898734,0.405063291139241,0.5,-0.005314093
1.44303797468354,0.405063291139241,0.5,-0.005427789
1.46835443037975,0.405063291139241,0.5,-0.00530738
1.49367088607595,0.405063291139241,0.5,-0.004966948
1.51898734177215,0.405063291139241,0.5,-0.0044307634
1.54430379746835,0.405063291139241,0.5,-0.0037305504
1.56962025316456,0.405063291139241,0.5,-0.002902735
1.59493670886076,0.405063291139241,0.5,-0.001986403
1.62025316455696,0.405063291139241,0.5,-0.0010196306
1.64556962025316,0.405063291139241,0.5,-0.000038422644
1.67088607594937,0.405063291139241,0.5,0.00092604384
1.69620253164557,0.405063291139241,0.5,0.0018476732
1.72151898734177,0.405063291139241,0.5,0.0027052592
1.74683544303797,0.405063291139241,0.5,0.003483422
1.77215189873418,0.405063291139241,0.5,0.0041721165
1.79746835443038,0.405063291139241,0.5,0.0047652014
1.82278481012658,0.405063291139241,0.5,0.0052600447
1.84810126582278,0.405063291139241,0.5,0.0056572035
1.87341772151899,0.405063291139241,0.5,0.0059597157
1.89873417721519,0.405063291139241,0.5,0.006171856
1.92405063291139,0.405063291139241,0.5,0.0062993877
1.94936708860759,0.405063291139241,0.5,0.006348636
1.9746835443038,0.405063291139241,0.5,0.0063263327
2,0.405063291139241,0.5,0.0062396005
0,0.430379746835443,0.5,-0.055525776
0.0253164556962025,0.430379746835443,0.5,-0.054508988
0.0506329113924051,0.430379746835443,0.5,-0.053110044
0.0759493670886076,0.430379746835443,0.5,-0.05133267
0.10126582278481,0.430379746835443,0.5,-0.049187753
0.126582278481013,0.430379746835443,0.5,-0.046693932
0.151898734177215,0.430379746835443,0.5,-0.04387809
0.177215189873418,0.430379746835443,0.5,-0.040775787
0.20253164556962,0.430379746835443,0.5,-0.037431862
0.227848101265823,0.430379746835443,0.5,-0.033900384
0.253164556962025,0.430379746835443,0.5,-0.030243792
0.278481012658228,0.430379746835443,0.5,-0.026533145
0.30379746835443,0.430379746835443,0.5,-0.022845712
0.329113924050633,0.430379746835443,0.5,-0.019263845
0.354430379746835,0.430379746835443,0.5,-0.015871901
0.379746835443038,0.430379746835443,0.5,-0.012753185
0.405063291139241,0.430379746835443,0.5,-0.009985156
0.430379746835443,0.430379746835443,0.5,-0.0076351203
0.455696202531646,0.430379746835443,0.5,-0.005753558
0.481012658227848,0.430379746835443,0.5,-0.004369404
0.506329113924051,0.430379746835443,0.5,-0.003483016
0.531645569620253,0.430379746835443,0.5,-0.0030619092
0.556962025316456,0.430379746835443,0.5,-0.0030364655
0.582278481012658,0.430379746835443,0.5,-0.0032995455
0.607594936708861,0.430379746835443,0.5,-0.0037086569
0.632911392405063,0.430379746835443,0.5,-0.00409282
0.658227848101266,0.430379746835443,0.5,-0.0042647645
0.683544303797468,0.430379746835443,0.5,-0.0040368624
0.708860759493671,0.430379746835443,0.5,-0.0032423548
0.734177215189873,0.430379746835443,0.5,-0.001757931
0.759493670886076,0.430379746835443,0.5,0.00047469884
0.784810126582278,0.430379746835443,0.5,0.003431324
0.810126582278481,0.430379746835443,0.5,0.006995864
0.835443037974684,0.430379746835443,0.5,0.010965556
0.860759493670886,0.430379746835443,0.5,0.0150689185
0.886075949367089,0.430379746835443,0.5,0.018998768
0.911392405063291,0.430379746835443,0.5,0.02245513
0.936708860759494,0.430379746835443,0.5,0.025188044
0.962025316455696,0.430379746835443,0.5,0.02703204
0.987341772151899,0.430379746835443,0.5,0.02792406
1.0126582278481,0.430379746835443,0.5,0.02789944
1.0379746835443,0.430379746835443,0.5,0.027071625
1.06329113924051,0.430379746835443,0.5,0.02560265
1.08860759493671,0.430379746835443,0.5,0.02366947
1.11392405063291,0.430379746835443,0.5,0.021439258
1.13924050632911,0.430379746835443,0.5,0.019051634
1.16455696202532,0.430379746835443,0.5,0.016612237
1.18987341772152,0.430379746835443,0.5,0.01419422
1.21518987341772,0.430379746835443,0.5,0.011844646
1.24050632911392,0.430379746835443,0.5,0.00959358
1.26582278481013,0.430379746835443,0.5,0.007462684
1.29113924050633,0.430379746835443,0.5,0.0054717343
1.31645569620253,0.430379746835443,0.5,0.0036425628
1.34177215189873,0.430379746835443,0.5,0.0020005815
1.36708860759494,0.430379746835443,0.5,0.0005725194
1.39240506329114,0.430379746835443,0.5,-0.0006169211
1.41772151898734,0.430379746835443,0.5,-0.0015481785
1.44303797468354,0.430379746835443,0.5,-0.0022109114
1.46835443037975,0.430379746835443,0.5,-0.0026054718
1.49367088607595,0.430379746835443,0.5,-0.0027441531
1.51898734177215,0.430379746835443,0.5,-0.0026495531
1.54430379746835,0.430379746835443,0.5,-0.0023530684
1.56962025316456,0.430379746835443,0.5,-0.0018911883
1.59493670886076,0.430379746835443,0.5,-0.0013036616
1.62025316455696,0.430379746835443,0.5,-0.0006294232
1.64556962025316,0.430379746835443,0.5,0.000094335526
1.67088607594937,0.430379746835443,0.5,0.0008346997
1.69620253164557,0.430379746835443,0.5,0.001563495
1.72151898734177,0.430379746835443,0.5,0.0022579078
1.74683544303797,0.430379746835443,0.5,0.0029003322
1.77215189873418,0.430379746835443,0.5,0.00347789
1.79746835443038,0.430379746835443,0.5,0.0039819498
1.82278481012658,0.430379746835443,0.5,0.0044077337
1.84810126582278,0.430379746835443,0.5,0.0047535263
1.87341772151899,0.430379746835443,0.5,0.0050193146
1.89873417721519,0.430379746835443,0.5,0.005208157
1.92405063291139,0.430379746835443,0.5,0.0053231455
1.94936708860759,0.430379746835443,0.5,0.0053690225
1.9746835443038,0.430379746835443,0.5,0.005350992
2,0.430379746835443,0.5,0.005274724
0,0.455696202531646,0.5,-0.055606242
0.0253164556962025,0.455696202531646,0.5,-0.055013154
0.0506329113924051,0.455696202531646,0.5,-0.05402903
0.0759493670886076,0.455696202531646,0.5,-0.052649308
0.10126582278481,0.455696202531646,0.5,-0.050876956
0.126582278481013,0.455696202531646,0.5,-0.048720825
0.151898734177215,0.455696202531646,0.5,-0.046198454
0.177215189873418,0.455696202531646,0.5,-0.043335322
0.20253164556962,0.455696202531646,0.5,-0.040166136
0.227848101265823,0.455696202531646,0.5,-0.0367348
0.253164556962025,0.455696202531646,0.5,-0.033094402
0.278481012658228,0.455696202531646,0.5,-0.029306713
0.30379746835443,0.455696202531646,0.5,-0.025441404
0.329113924050633,0.455696202531646,0.5,-0.021574337
0.354430379746835,0.455696202531646,0.5,-0.01778591
0.379746835443038,0.455696202531646,0.5,-0.014157344
0.405063291139241,0.455696202531646,0.5,-0.010767676
0.430379746835443,0.455696202531646,0.5,-0.0076884814
0.455696202531646,0.455696202531646,0.5,-0.004979357
0.481012658227848,0.455696202531646,0.5,-0.002681125
0.506329113924051,0.455696202531646,0.5,-0.0008107312
0.531645569620253,0.455696202531646,0.5,0.00064538047
0.556962025316456,0.455696202531646,0.5,0.0017352067
0.582278481012658,0.455696202531646,0.5,0.0025438555
0.607594936708861,0.455696202531646,0.5,0.0031926148
0.632911392405063,0.455696202531646,0.5,0.003834609
0.658227848101266,0.455696202531646,0.5,0.00464461
0.683544303797468,0.455696202531646,0.5,0.0058029704
0.708860759493671,0.455696202531646,0.5,0.0074764863
0.734177215189873,0.455696202531646,0.5,0.009793151
0.759493670886076,0.455696202531646,0.5,0.012817938
0.784810126582278,0.455696202531646,0.5,0.016531456
0.810126582278481,0.455696202531646,0.5,0.020817503
0.835443037974684,0.455696202531646,0.5,0.02546278
0.860759493670886,0.455696202531646,0.5,0.03017677
0.886075949367089,0.455696202531646,0.5,0.03462496
0.911392405063291,0.455696202531646,0.5,0.038477227
0.936708860759494,0.455696202531646,0.5,0.04145699
0.962025316455696,0.455696202531646,0.5,0.043381624
0.987341772151899,0.455696202531646,0.5,0.04418289
1.0126582278481,0.455696202531646,0.5,0.043904725
1.0379746835443,0.455696202531646,0.5,0.042679682
1.06329113924051,0.455696202531646,0.5,0.040695116
1.08860759493671,0.455696202531646,0.5,0.038154554
1.11392405063291,0.455696202531646,0.5,0.035249088
1.13924050632911,0.455696202531646,0.5,0.032137487
1.16455696202532,0.455696202531646,0.5,0.02893851
1.18987341772152,0.455696202531646,0.5,0.025734082
1.21518987341772,0.455696202531646,0.5,0.022576872
1.24050632911392,0.455696202531646,0.5,0.01950163
1.26582278481013,0.455696202531646,0.5,0.016535247
1.29113924050633,0.455696202531646,0.5,0.013704827
1.31645569620253,0.455696202531646,0.5,0.011040742
1.34177215189873,0.455696202531646,0.5,0.008578366
1.36708860759494,0.455696202531646,0.5,0.00635441
1.39240506329114,0.455696202531646,0.5,0.004403498
1.41772151898734,0.455696202531646,0.5,0.0027531665
1.44303797468354,0.455696202531646,0.5,0.0014197659
1.46835443037975,0.455696202531646,0.5,0.00040669926
1.49367088607595,0.455696202531646,0.5,-0.00029614195
1.51898734177215,0.455696202531646,0.5,-0.0007110331
1.54430379746835,0.455696202531646,0.5,-0.0008703843
1.56962025316456,0.455696202531646,0.5,-0.0008126348
1.59493670886076,0.455696202531646,0.5,-0.00057987124
1.62025316455696,0.455696202531646,0.5,-0.00021435879
1.64556962025316,0.455696202531646,0.5,0.00024364144
1.67088607594937,0.455696202531646,0.5,0.0007579755
1.69620253164557,0.455696202531646,0.5,0.0012967605
1.72151898734177,0.455696202531646,0.5,0.0018337332
1.74683544303797,0.455696202531646,0.5,0.002347704
1.77215189873418,0.455696202531646,0.5,0.0028223991
1.79746835443038,0.455696202531646,0.5,0.0032462478
1.82278481012658,0.455696202531646,0.5,0.003611233
1.84810126582278,0.455696202531646,0.5,0.003912721
1.87341772151899,0.455696202531646,0.5,0.004148774
1.89873417721519,0.455696202531646,0.5,0.0043193437
1.92405063291139,0.455696202531646,0.5,0.0044260956
1.94936708860759,0.455696202531646,0.5,0.004471753
1.9746835443038,0.455696202531646,0.5,0.0044604354
2,0.455696202531646,0.5,0.0043961406
0,0.481012658227848,0.5,-0.054976653
0.0253164556962025,0.481012658227848,0.5,-0.054811228
0.0506329113924051,0.481012658227848,0.5,-0.05425365
0.0759493670886076,0.481012658227848,0.5,-0.053292703
0.10126582278481,0.481012658227848,0.5,-0.051922005
0.126582278481013,0.481012658227848,0.5,-0.050142344
0.151898734177215,0.481012658227848,0.5,-0.047960754
0.177215189873418,0.481012658227848,0.5,-0.04539277
0.20253164556962,0.481012658227848,0.5,-0.04246222
0.227848101265823,0.481012658227848,0.5,-0.039202083
0.253164556962025,0.481012658227848,0.5,-0.035654526
0.278481012658228,0.481012658227848,0.5,-0.031870957
0.30379746835443,0.481012658227848,0.5,-0.027911011
0.329113924050633,0.481012658227848,0.5,-0.023842227
0.354430379746835,0.481012658227848,0.5,-0.019737702
0.379746835443038,0.481012658227848,0.5,-0.015674006
0.405063291139241,0.481012658227848,0.5,-0.01172759
0.430379746835443,0.481012658227848,0.5,-0.007971387
0.455696202531646,0.481012658227848,0.5,-0.0044686943
0.481012658227848,0.481012658227848,0.5,-0.0012693629
0.506329113924051,0.481012658227848,0.5,0.0015979633
0.531645569620253,0.481012658227848,0.5,0.0041305795
0.556962025316456,0.481012658227848,0.5,0.00635761
0.582278481012658,0.481012658227848,0.5,0.0083430745
0.607594936708861,0.481012658227848,0.5,0.010187164
0.632911392405063,0.481012658227848,0.5,0.012022857
0.658227848101266,0.481012658227848,0.5,0.014007926
0.683544303797468,0.481012658227848,0.5,0.016311172
0.708860759493671,0.481012658227848,0.5,0.01909203
0.734177215189873,0.481012658227848,0.5,0.022476576
0.759493670886076,0.481012658227848,0.5,0.026530106
0.784810126582278,0.481012658227848,0.5,0.031232763
0.810126582278481,0.481012658227848,0.5,0.0364626
0.835443037974684,0.481012658227848,0.5,0.041993763
0.860759493670886,0.481012658227848,0.5,0.04751311
0.886075949367089,0.481012658227848,0.5,0.052657224
0.911392405063291,0.481012658227848,0.5,0.057063665
0.936708860759494,0.481012658227848,0.5,0.060426485
0.962025316455696,0.481012658227848,0.5,0.06254248
0.987341772151899,0.481012658227848,0.5,0.063335225
1.0126582278481,0.481012658227848,0.5,0.06285314
1.0379746835443,0.481012658227848,0.5,0.061245225
1.06329113924051,0.481012658227848,0.5,0.058722086
1.08860759493671,0.481012658227848,0.5,0.05551414
1.11392405063291,0.481012658227848,0.5,0.05183754
1.13924050632911,0.481012658227848,0.5,0.047872342
1.16455696202532,0.481012658227848,0.5,0.043754466
1.18987341772152,0.481012658227848,0.5,0.03957928
1.21518987341772,0.481012658227848,0.5,0.035410892
1.24050632911392,0.481012658227848,0.5,0.031294942
1.26582278481013,0.481012658227848,0.5,0.027270684
1.29113924050633,0.481012658227848,0.5,0.023378544
1.31645569620253,0.481012658227848,0.5,0.019664427
1.34177215189873,0.481012658227848,0.5,0.016178498
1.36708860759494,0.481012658227848,0.5,0.012972565
1.39240506329114,0.481012658227848,0.5,0.010093629
1.41772151898734,0.481012658227848,0.5,0.007578576
1.44303797468354,0.481012658227848,0.5,0.005450839
1.46835443037975,0.481012658227848,0.5,0.0037174318
1.49367088607595,0.481012658227848,0.5,0.002368465
1.51898734177215,0.481012658227848,0.5,0.0013803206
1.54430379746835,0.481012658227848,0.5,0.0007177405
1.56962025316456,0.481012658227848,0.5,0.0003376007
1.59493670886076,0.481012658227848,0.5,0.0001931712
1.62025316455696,0.481012658227848,0.5,0.0002370365
1.64556962025316,0.481012658227848,0.5,0.00042377785
1.67088607594937,0.481012658227848,0.5,0.0007112175
1.69620253164557,0.481012658227848,0.5,0.0010630302
1.72151898734177,0.481012658227848,0.5,0.0014477652
1.74683544303797,0.481012658227848,0.5,0.0018398054
1.77215189873418,0.481012658227848,0.5,0.0022186134
1.79746835443038,0.481012658227848,0.5,0.0025690459
1.82278481012658,0.481012658227848,0.5,0.002879355
1.84810126582278,0.481012658227848,0.5,0.0031422935
1.87341772151899,0.481012658227848,0.5,0.0033528917
1.89873417721519,0.481012658227848,0.5,0.0035087466
1.92405063291139,0.481012658227848,0.5,0.0036098957
1.94936708860759,0.481012658227848,0.5,0.003657572
1.9746835443038,0.481012658227848,0.5,0.0036539212
2,0.481012658227848,0.5,0.0036023036
0,0.506329113924051,0.5,-0.0536096
0.0253164556962025,0.506329113924051,0.5,-0.053864326
0.0506329113924051,0.506329113924051,0.5,-0.053733807
0.0759493670886076,0.506329113924051,0.5,-0.053200107
0.10126582278481,0.506329113924051,0.5,-0.05224896
0.126582278481013,0.506329113924051,0.5,-0.050872277
0.151898734177215,0.506329113924051,0.5,-0.049067598
0.177215189873418,0.506329113924051,0.5,-0.04683989
0.20253164556962,0.506329113924051,0.5,-0.044201937
0.227848101265823,0.506329113924051,0.5,-0.04117511
0.253164556962025,0.506329113924051,0.5,-0.03778973
0.278481012658228,0.506329113924051,0.5,-0.034085173
0.30379746835443,0.506329113924051,0.5,-0.030109927
0.329113924050633,0.506329113924051,0.5,-0.02592048
0.354430379746835,0.506329113924051,0.5,-0.02158022
0.379746835443038,0.506329113924051,0.5,-0.017157763
0.405063291139241,0.506329113924051,0.5,-0.012723949
0.430379746835443,0.506329113924051,0.5,-0.00834829
0.455696202531646,0.506329113924051,0.5,-0.0040947385
0.481012658227848,0.506329113924051,0.5,-0.00001673773
0.506329113924051,0.506329113924051,0.5,0.003849022
0.531645569620253,0.506329113924051,0.5,0.0074882247
0.556962025316456,0.506329113924051,0.5,0.01091418
0.582278481012658,0.506329113924051,0.5,0.014172312
0.607594936708861,0.506329113924051,0.5,0.01734263
0.632911392405063,0.506329113924051,0.5,0.020537164
0.658227848101266,0.506329113924051,0.5,0.023894388
0.683544303797468,0.506329113924051,0.5,0.027566511
0.708860759493671,0.506329113924051,0.5,0.031700004
0.734177215189873,0.506329113924051,0.5,0.03641161
0.759493670886076,0.506329113924051,0.5,0.041759375
0.784810126582278,0.506329113924051,0.5,0.047715154
0.810126582278481,0.506329113924051,0.5,0.05414557
0.835443037974684,0.506329113924051,0.5,0.060806002
0.860759493670886,0.506329113924051,0.5,0.06735711
0.886075949367089,0.506329113924051,0.5,0.073402666
0.911392405063291,0.506329113924051,0.5,0.078544945
0.936708860759494,0.506329113924051,0.5,0.08244656
0.962025316455696,0.506329113924051,0.5,0.08487964
0.987341772151899,0.506329113924051,0.5,0.085755296
1.0126582278481,0.506329113924051,0.5,0.08512327
1.0379746835443,0.506329113924051,0.5,0.08314429
1.06329113924051,0.506329113924051,0.5,0.08004998
1.08860759493671,0.506329113924051,0.5,0.07609658
1.11392405063291,0.506329113924051,0.5,0.07152665
1.13924050632911,0.506329113924051,0.5,0.06654565
1.16455696202532,0.506329113924051,0.5,0.06131209
1.18987341772152,0.506329113924051,0.5,0.055941302
1.21518987341772,0.506329113924051,0.5,0.050517164
1.24050632911392,0.506329113924051,0.5,0.04510477
1.26582278481013,0.506329113924051,0.5,0.03976412
1.29113924050633,0.506329113924051,0.5,0.034557644
1.31645569620253,0.506329113924051,0.5,0.029552853
1.34177215189873,0.506329113924051,0.5,0.024821794
1.36708860759494,0.506329113924051,0.5,0.020434137
1.39240506329114,0.506329113924051,0.5,0.016452067
1.41772151898734,0.506329113924051,0.5,0.012923505
1.44303797468354,0.506329113924051,0.5,0.009877555
1.46835443037975,0.506329113924051,0.5,0.0073229987
1.49367088607595,0.506329113924051,0.5,0.0052492768
1.51898734177215,0.506329113924051,0.5,0.0036280937
1.54430379746835,0.506329113924051,0.5,0.0024183616
1.56962025316456,0.506329113924051,0.5,0.0015702434
1.59493670886076,0.506329113924051,0.5,0.0010292642
1.62025316455696,0.506329113924051,0.5,0.00074022077
1.64556962025316,0.506329113924051,0.5,0.0006501805
1.67088607594937,0.506329113924051,0.5,0.00071047805
1.69620253164557,0.506329113924051,0.5,0.000877548
1.72151898734177,0.506329113924051,0.5,0.0011140741
1.74683544303797,0.506329113924051,0.5,0.0013888478
1.77215189873418,0.506329113924051,0.5,0.0016771667
1.79746835443038,0.506329113924051,0.5,0.0019588694
1.82278481012658,0.506329113924051,0.5,0.0022187904
1.84810126582278,0.506329113924051,0.5,0.002446521
1.87341772151899,0.506329113924051,0.5,0.002634462
1.89873417721519,0.506329113924051,0.5,0.0027780198
1.92405063291139,0.506329113924051,0.5,0.0028749183
1.94936708860759,0.506329113924051,0.5,0.0029250793
1.9746835443038,0.506329113924051,0.5,0.002929613
2,0.506329113924051,0.5,0.002890192
0,0.531645569620253,0.5,-0.051494535
0.0253164556962025,0.531645569620253,0.5,-0.05215056
0.0506329113924051,0.531645569620253,0.5,-0.052435327
0.0759493670886076,0.531645569620253,0.5,-0.052324753
0.10126582278481,0.531645569620253,0.5,-0.051797893
0.126582278481013,0.531645569620253,0.5,-0.05083775
0.151898734177215,0.531645569620253,0.5,-0.049433004
0.177215189873418,0.531645569620253,0.5,-0.04757827
0.20253164556962,0.531645569620253,0.5,-0.04527506
0.227848101265823,0.531645569620253,0.5,-0.042532716
0.253164556962025,0.531645569620253,0.5,-0.039368894
0.278481012658228,0.531645569620253,0.5,-0.03581017
0.30379746835443,0.531645569620253,0.5,-0.031891763
0.329113924050633,0.531645569620253,0.5,-0.0276573
0.354430379746835,0.531645569620253,0.5,-0.023158401
0.379746835443038,0.531645569620253,0.5,-0.018452607
0.405063291139241,0.531645569620253,0.5,-0.0136015825
0.430379746835443,0.531645569620253,0.5,-0.008667771
0.455696202531646,0.531645569620253,0.5,-0.0037113018
0.481012658227848,0.531645569620253,0.5,0.0012155548
0.506329113924051,0.531645569620253,0.5,0.006072726
0.531645569620253,0.531645569620253,0.5,0.01083855
0.556962025316456,0.531645569620253,0.5,0.015515175
0.582278481012658,0.531645569620253,0.5,0.020133156
0.607594936708861,0.531645569620253,0.5,0.024753962
0.632911392405063,0.531645569620253,0.5,0.029469702
0.658227848101266,0.531645569620253,0.5,0.034398
0.683544303797468,0.531645569620253,0.5,0.039671082
0.708860759493671,0.531645569620253,0.5,0.045417342
0.734177215189873,0.531645569620253,0.5,0.05173659
0.759493670886076,0.531645569620253,0.5,0.05867145
0.784810126582278,0.531645569620253,0.5,0.06617704
0.810126582278481,0.531645569620253,0.5,0.07409954
0.835443037974684,0.531645569620253,0.5,0.08216822
0.860759493670886,0.531645569620253,0.5,0.0900103
0.886075949367089,0.531645569620253,0.5,0.09719218
0.911392405063291,0.531645569620253,0.5,0.103277445
0.936708860759494,0.531645569620253,0.5,0.107892185
0.962025316455696,0.531645569620253,0.5,0.110781625
0.987341772151899,0.531645569620253,0.5,0.11184032
1.0126582278481,0.531645569620253,0.5,0.11111297
1.0379746835443,0.531645569620253,0.5,0.10876882
1.06329113924051,0.531645569620253,0.5,0.10505676
1.08860759493671,0.531645569620253,0.5,0.100257844
1.11392405063291,0.531645569620253,0.5,0.09464328
1.13924050632911,0.531645569620253,0.5,0.08844821
1.16455696202532,0.531645569620253,0.5,0.08186153
1.18987341772152,0.531645569620253,0.5,0.07502827
1.21518987341772,0.531645569620253,0.5,0.06806199
1.24050632911392,0.531645569620253,0.5,0.061058275
1.26582278481013,0.531645569620253,0.5,0.05410828
1.29113924050633,0.531645569620253,0.5,0.04730533
1.31645569620253,0.531645569620253,0.5,0.04074718
1.34177215189873,0.531645569620253,0.5,0.034532063
1.36708860759494,0.531645569620253,0.5,0.028752297
1.39240506329114,0.531645569620253,0.5,0.02348608
1.41772151898734,0.531645569620253,0.5,0.018791914
1.44303797468354,0.531645569620253,0.5,0.014703635
1.46835443037975,0.531645569620253,0.5,0.011229642
1.49367088607595,0.531645569620253,0.5,0.008354489
1.51898734177215,0.531645569620253,0.5,0.0060432516
1.54430379746835,0.531645569620253,0.5,0.0042452663
1.56962025316456,0.531645569620253,0.5,0.0029006712
1.59493670886076,0.531645569620253,0.5,0.0019446965
1.62025316455696,0.531645569620253,0.5,0.0013119914
1.64556962025316,0.531645569620253,0.5,0.0009400919
1.67088607594937,0.531645569620253,0.5,0.0007712692
1.69620253164557,0.531645569620253,0.5,0.0007543117
1.72151898734177,0.531645569620253,0.5,0.00084476545
1.74683544303797,0.531645569620253,0.5,0.0010054857
1.77215189873418,0.531645569620253,0.5,0.0012058802
1.79746835443038,0.531645569620253,0.5,0.001421608
1.82278481012658,0.531645569620253,0.5,0.0016336516
1.84810126582278,0.531645569620253,0.5,0.0018280931
1.87341772151899,0.531645569620253,0.5,0.0019944943
1.89873417721519,0.531645569620253,0.5,0.002126377
1.92405063291139,0.531645569620253,0.5,0.0022196062
1.94936708860759,0.531645569620253,0.5,0.002272252
1.9746835443038,0.531645569620253,0.5,0.0022843927
2,0.531645569620253,0.5,0.0022569299
0,0.556962025316456,0.5,-0.0486391
0.0253164556962025,0.556962025316456,0.5,-0.04966667
0.0506329113924051,0.556962025316456,0.5,-0.05034319
0.0759493670886076,0.556962025316456,0.5,-0.050639097
0.10126582278481,0.556962025316456,0.5,-0.050527435
0.126582278481013,0.556962025316456,0.5,-0.049983863
0.151898734177215,0.556962025316456,0.5,-0.04898837
0.177215189873418,0.556962025316456,0.5,-0.04752541
0.20253164556962,0.556962025316456,0.5,-0.04558528
0.227848101265823,0.556962025316456,0.5,-0.043165546
0.253164556962025,0.556962025316456,0.5,-0.04027046
0.278481012658228,0.556962025316456,0.5,-0.036912974
0.30379746835443,0.556962025316456,0.5,-0.0331139
0.329113924050633,0.556962025316456,0.5,-0.028902404
0.354430379746835,0.556962025316456,0.5,-0.024315622
0.379746835443038,0.556962025316456,0.5,-0.019397851
0.405063291139241,0.556962025316456,0.5,-0.014197651
0.430379746835443,0.556962025316456,0.5,-0.008767158
0.455696202531646,0.556962025316456,0.5,-0.0031577945
0.481012658227848,0.556962025316456,0.5,0.0025834404
0.506329113924051,0.556962025316456,0.5,0.008418456
0.531645569620253,0.556962025316456,0.5,0.014323652
0.556962025316456,0.556962025316456,0.5,0.020294752
0.582278481012658,0.556962025316456,0.5,0.026351485
0.607594936708861,0.556962025316456,0.5,0.032540675
0.632911392405063,0.556962025316456,0.5,0.038936343
0.658227848101266,0.556962025316456,0.5,0.045635533
0.683544303797468,0.556962025316456,0.5,0.052748065
0.708860759493671,0.556962025316456,0.5,0.060379814
0.734177215189873,0.556962025316456,0.5,0.068607345
0.759493670886076,0.556962025316456,0.5,0.07744852
0.784810126582278,0.556962025316456,0.5,0.08683245
0.810126582278481,0.556962025316456,0.5,0.09657377
0.835443037974684,0.556962025316456,0.5,0.10636507
0.860759493670886,0.556962025316456,0.5,0.11579223
0.886075949367089,0.556962025316456,0.5,0.124375924
0.911392405063291,0.556962025316456,0.5,0.13163546
0.936708860759494,0.556962025316456,0.5,0.13715723
0.962025316455696,0.556962025316456,0.5,0.14065443
0.987341772151899,0.556962025316456,0.5,0.14200053
1.0126582278481,0.556962025316456,0.5,0.14123105
1.0379746835443,0.556962025316456,0.5,0.13851802
1.06329113924051,0.556962025316456,0.5,0.13412422
1.08860759493671,0.556962025316456,0.5,0.12835424
1.11392405063291,0.556962025316456,0.5,0.121511
1.13924050632911,0.556962025316456,0.5,0.11386591
1.16455696202532,0.556962025316456,0.5,0.10564728
1.18987341772152,0.556962025316456,0.5,0.09704195
1.21518987341772,0.556962025316456,0.5,0.0882058
1.24050632911392,0.556962025316456,0.5,0.079278424
1.26582278481013,0.556962025316456,0.5,0.07039355
1.29113924050633,0.556962025316456,0.5,0.0616863
1.31645569620253,0.556962025316456,0.5,0.053291544
1.34177215189873,0.556962025316456,0.5,0.045339737
1.36708860759494,0.556962025316456,0.5,0.03794767
1.39240506329114,0.556962025316456,0.5,0.031211074
1.41772151898734,0.556962025316456,0.5,0.02519734
1.44303797468354,0.556962025316456,0.5,0.019942518
1.46835443037975,0.556962025316456,0.5,0.015451376
1.49367088607595,0.556962025316456,0.5,0.011700351
1.51898734177215,0.556962025316456,0.5,0.008643011
1.54430379746835,0.556962025316456,0.5,0.0062166266
1.56962025316456,0.556962025316456,0.5,0.0043474864
1.59493670886076,0.556962025316456,0.5,0.0029577333
1.62025316455696,0.556962025316456,0.5,0.0019696094
1.64556962025316,0.556962025316456,0.5,0.0013088137
1.67088607594937,0.556962025316456,0.5,0.00090756454
1.69620253164557,0.556962025316456,0.5,0.00070541725
1.72151898734177,0.556962025316456,0.5,0.0006498471
1.74683544303797,0.556962025316456,0.5,0.00069719553
1.77215189873418,0.556962025316456,0.5,0.00081063434
1.79746835443038,0.556962025316456,0.5,0.00096134096
1.82278481012658,0.556962025316456,0.5,0.0011260249
1.84810126582278,0.556962025316456,0.5,0.0012876205
1.87341772151899,0.556962025316456,0.5,0.0014326572
1.89873417721519,0.556962025316456,0.5,0.0015527308
1.92405063291139,0.556962025316456,0.5,0.0016417913
1.94936708860759,0.556962025316456,0.5,0.0016965941
1.9746835443038,0.556962025316456,0.5,0.0017158315
2,0.556962025316456,0.5,0.0016998947
0,0.582278481012658,0.5,-0.04507192
0.0253164556962025,0.582278481012658,0.5,-0.046431456
0.0506329113924051,0.582278481012658,0.5,-0.047464583
0.0759493670886076,0.582278481012658,0.5,-0.04813845
0.10126582278481,0.582278481012658,0.5,-0.04842024
0.126582278481013,0.582278481012658,0.5,-0.048279237
0.151898734177215,0.582278481012658,0.5,-0.047687378
0.177215189873418,0.582278481012658,0.5,-0.046619933
0.20253164556962,0.582278481012658,0.5,-0.045056585
0.227848101265823,0.582278481012658,0.5,-0.042982873
0.253164556962025,0.582278481012658,0.5,-0.04038967
0.278481012658228,0.582278481012658,0.5,-0.03727558
0.30379746835443,0.582278481012658,0.5,-0.033646073
0.329113924050633,0.582278481012658,0.5,-0.029514462
0.354430379746835,0.582278481012658,0.5,-0.024901778
0.379746835443038,0.582278481012658,0.5,-0.019835487
0.405063291139241,0.582278481012658,0.5,-0.014349401
0.430379746835443,0.582278481012658,0.5,-0.008480601
0.455696202531646,0.582278481012658,0.5,-0.0022679605
0.481012658227848,0.582278481012658,0.5,0.0042517744
0.506329113924051,0.582278481012658,0.5,0.011047944
0.531645569620253,0.582278481012658,0.5,0.018100124
0.556962025316456,0.582278481012658,0.5,0.02540313
0.582278481012658,0.582278481012658,0.5,0.032971594
0.607594936708861,0.582278481012658,0.5,0.04084179
0.632911392405063,0.582278481012658,0.5,0.049072836
0.658227848101266,0.582278481012658,0.5,0.057742525
0.683544303797468,0.582278481012658,0.5,0.06693818
0.708860759493671,0.582278481012658,0.5,0.07673913
0.734177215189873,0.582278481012658,0.5,0.08719279
0.759493670886076,0.582278481012658,0.5,0.09828432
0.784810126582278,0.582278481012658,0.5,0.10990453
0.810126582278481,0.582278481012658,0.5,0.121824995
0.835443037974684,0.582278481012658,0.5,0.1336894
0.860759493670886,0.582278481012658,0.5,0.14502938
0.886075949367089,0.582278481012658,0.5,0.15531114
0.911392405063291,0.582278481012658,0.5,0.16400133
0.936708860759494,0.582278481012658,0.5,0.17064117
0.962025316455696,0.582278481012658,0.5,0.17490752
0.987341772151899,0.582278481012658,0.5,0.17664795
1.0126582278481,0.582278481012658,0.5,0.17588377
1.0379746835443,0.582278481012658,0.5,0.17278443
1.06329113924051,0.582278481012658,0.5,0.16762389
1.08860759493671,0.582278481012658,0.5,0.16072991
1.11392405063291,0.582278481012658,0.5,0.1524402
1.13924050632911,0.582278481012658,0.5,0.14307067
1.16455696202532,0.582278481012658,0.5,0.13290046
1.18987341772152,0.582278481012658,0.5,0.12217268
1.21518987341772,0.582278481012658,0.5,0.11110094
1.24050632911392,0.582278481012658,0.5,0.099883094
1.26582278481013,0.582278481012658,0.5,0.08870961
1.29113924050633,0.582278481012658,0.5,0.07776659
1.31645569620253,0.582278481012658,0.5,0.06723477
1.34177215189873,0.582278481012658,0.5,0.057281014
1.36708860759494,0.582278481012658,0.5,0.04804919
1.39240506329114,0.582278481012658,0.5,0.039651405
1.41772151898734,0.582278481012658,0.5,0.032161962
1.44303797468354,0.582278481012658,0.5,0.02561548
1.46835443037975,0.582278481012658,0.5,0.020009452
1.49367088607595,0.582278481012658,0.5,0.015307705
1.51898734177215,0.582278481012658,0.5,0.011448663
1.54430379746835,0.582278481012658,0.5,0.008352768
1.56962025316456,0.582278481012658,0.5,0.0059301537
1.59493670886076,0.582278481012658,0.5,0.004086446
1.62025316455696,0.582278481012658,0.5,0.0027291756
1.64556962025316,0.582278481012658,0.5,0.0017708
1.67088607594937,0.582278481012658,0.5,0.0011314694
1.69620253164557,0.582278481012658,0.5,0.00074049085
1.72151898734177,0.582278481012658,0.5,0.00053695217
1.74683544303797,0.582278481012658,0.5,0.0004693009
1.77215189873418,0.582278481012658,0.5,0.0004950762
1.79746835443038,0.582278481012658,0.5,0.000579834
1.82278481012658,0.582278481012658,0.5,0.0006963238
1.84810126582278,0.582278481012658,0.5,0.00082405284
1.87341772151899,0.582278481012658,0.5,0.00094743446
1.89873417721519,0.582278481012658,0.5,0.0010547936
1.92405063291139,0.582278481012658,0.5,0.0011389218
1.94936708860759,0.582278481012658,0.5,0.0011952035
1.9746835443038,0.582278481012658,0.5,0.0012211204
2,0.582278481012658,0.5,0.0012163036
0,0.607594936708861,0.5,-0.040844005
0.0253164556962025,0.607594936708861,0.5,-0.042487424
0.0506329113924051,0.607594936708861,0.5,-0.04383299
0.0759493670886076,0.607594936708861,0.5,-0.04484501
0.10126582278481,0.607594936708861,0.5,-0.04548594
0.126582278481013,0.607594936708861,0.5,-0.045720372
0.151898734177215,0.607594936708861,0.5,-0.045512702
0.177215189873418,0.607594936708861,0.5,-0.044829715
0.20253164556962,0.607594936708861,0.5,-0.04364149
0.227848101265823,0.607594936708861,0.5,-0.041921552
0.253164556962025,0.607594936708861,0.5,-0.039647814
0.278481012658228,0.607594936708861,0.5,-0.03680416
0.30379746835443,0.607594936708861,0.5,-0.03338028
0.329113924050633,0.607594936708861,0.5,-0.02937232
0.354430379746835,0.607594936708861,0.5,-0.024783332
0.379746835443038,0.607594936708861,0.5,-0.01962259
0.405063291139241,0.607594936708861,0.5,-0.013905074
0.430379746835443,0.607594936708861,0.5,-0.007650275
0.455696202531646,0.607594936708861,0.5,-0.0008800402
0.481012658227848,0.607594936708861,0.5,0.0063842833
0.506329113924051,0.607594936708861,0.5,0.014124002
0.531645569620253,0.607594936708861,0.5,0.022328604
0.556962025316456,0.607594936708861,0.5,0.030997593
0.582278481012658,0.607594936708861,0.5,0.0401459
0.607594936708861,0.607594936708861,0.5,0.049805235
0.632911392405063,0.607594936708861,0.5,0.0600241
0.658227848101266,0.607594936708861,0.5,0.07086401
0.683544303797468,0.607594936708861,0.5,0.08238985
0.708860759493671,0.607594936708861,0.5,0.09465259
0.734177215189873,0.607594936708861,0.5,0.107665464
0.759493670886076,0.607594936708861,0.5,0.12137151
0.784810126582278,0.607594936708861,0.5,0.13561325
0.810126582278481,0.607594936708861,0.5,0.15010457
0.835443037974684,0.607594936708861,0.5,0.16442485
0.860759493670886,0.607594936708861,0.5,0.1780382
0.886075949367089,0.607594936708861,0.5,0.1903425
0.911392405063291,0.607594936708861,0.5,0.20074283
0.936708860759494,0.607594936708861,0.5,0.20872726
0.962025316455696,0.607594936708861,0.5,0.21393077
0.987341772151899,0.607594936708861,0.5,0.21617098
1.0126582278481,0.607594936708861,0.5,0.21544997
1.0379746835443,0.607594936708861,0.5,0.21193099
1.06329113924051,0.607594936708861,0.5,0.20589574
1.08860759493671,0.607594936708861,0.5,0.19769596
1.11392405063291,0.607594936708861,0.5,0.18770888
1.13924050632911,0.607594936708861,0.5,0.17630407
1.16455696202532,0.607594936708861,0.5,0.1638261
1.18987341772152,0.607594936708861,0.5,0.1505895
1.21518987341772,0.607594936708861,0.5,0.13688323
1.24050632911392,0.607594936708861,0.5,0.12297948
1.26582278481013,0.607594936708861,0.5,0.10913862
1.29113924050633,0.607594936708861,0.5,0.09560998
1.31645569620253,0.607594936708861,0.5,0.08262698
1.34177215189873,0.607594936708861,0.5,0.07039665
1.36708860759494,0.607594936708861,0.5,0.059090693
1.39240506329114,0.607594936708861,0.5,0.04883661
1.41772151898734,0.607594936708861,0.5,0.03971286
1.44303797468354,0.607594936708861,0.5,0.03174874
1.46835443037975,0.607594936708861,0.5,0.024928823
1.49367088607595,0.607594936708861,0.5,0.019200422
1.51898734177215,0.607594936708861,0.5,0.014482552
1.54430379746835,0.607594936708861,0.5,0.010674987
1.56962025316456,0.607594936708861,0.5,0.0076675564
1.59493670886076,0.607594936708861,0.5,0.005347749
1.62025316455696,0.607594936708861,0.5,0.0036054607
1.64556962025316,0.607594936708861,0.5,0.0023378618
1.67088607594937,0.607594936708861,0.5,0.001452338
1.69620253164557,0.607594936708861,0.5,0.0008668788
1.72151898734177,0.607594936708861,0.5,0.00051080436
1.74683544303797,0.607594936708861,0.5,0.00032473356
1.77215189873418,0.607594936708861,0.5,0.000260178
1.79746835443038,0.607594936708861,0.5,0.0002767183
1.82278481012658,0.607594936708861,0.5,0.00034353882
1.84810126582278,0.607594936708861,0.5,0.00043609738
1.87341772151899,0.607594936708861,0.5,0.0005358793
1.89873417721519,0.607594936708861,0.5,0.0006296672
1.92405063291139,0.607594936708861,0.5,0.0007081926
1.94936708860759,0.607594936708861,0.5,0.00076523796
1.9746835443038,0.607594936708861,0.5,0.00079781935
2,0.607594936708861,0.5,0.00080381706
0,0.632911392405063,0.5,-0.036029648
0.0253164556962025,0.632911392405063,0.5,-0.037903104
0.0506329113924051,0.632911392405063,0.5,-0.039509546
0.0759493670886076,0.632911392405063,0.5,-0.040810805
0.10126582278481,0.632911392405063,0.5,-0.041766968
0.126582278481013,0.632911392405063,0.5,-0.042337414
0.151898734177215,0.632911392405063,0.5,-0.04248121
0.177215189873418,0.632911392405063,0.5,-0.04215796
0.20253164556962,0.632911392405063,0.5,-0.041327875
0.227848101265823,0.632911392405063,0.5,-0.039953854
0.253164556962025,0.632911392405063,0.5,-0.03800143
0.278481012658228,0.632911392405063,0.5,-0.03543928
0.30379746835443,0.632911392405063,0.5,-0.032241482
0.329113924050633,0.632911392405063,0.5,-0.028386008
0.354430379746835,0.632911392405063,0.5,-0.023856767
0.379746835443038,0.632911392405063,0.5,-0.018642567
0.405063291139241,0.632911392405063,0.5,-0.01273784
0.430379746835443,0.632911392405063,0.5,-0.0061403923
0.455696202531646,0.632911392405063,0.5,0.0011488385
0.481012658227848,0.632911392405063,0.5,0.009127807
0.506329113924051,0.632911392405063,0.5,0.017796423
0.531645569620253,0.632911392405063,0.5,0.027158726
0.556962025316456,0.632911392405063,0.5,0.037226122
0.582278481012658,0.632911392405063,0.5,0.0480201
0.607594936708861,0.632911392405063,0.5,0.059573684
0.632911392405063,0.632911392405063,0.5,0.07193017
0.658227848101266,0.632911392405063,0.5,0.0851388
0.683544303797468,0.632911392405063,0.5,0.09924367
0.708860759493671,0.632911392405063,0.5,0.1142672
0.734177215189873,0.632911392405063,0.5,0.1301829
0.759493670886076,0.632911392405063,0.5,0.14688507
0.784810126582278,0.632911392405063,0.5,0.16415462
0.810126582278481,0.632911392405063,0.5,0.18163371
0.835443037974684,0.632911392405063,0.5,0.19882056
0.860759493670886,0.632911392405063,0.5,0.21509425
0.886075949367089,0.632911392405063,0.5,0.22976984
0.911392405063291,0.632911392405063,0.5,0.24217741
0.936708860759494,0.632911392405063,0.5,0.25174385
0.962025316455696,0.632911392405063,0.5,0.25805607
0.987341772151899,0.632911392405063,0.5,0.2608965
1.0126582278481,0.632911392405063,0.5,0.2602446
1.0379746835443,0.632911392405063,0.5,0.2562538
1.06329113924051,0.632911392405063,0.5,0.24921273
1.08860759493671,0.632911392405063,0.5,0.23949847
1.11392405063291,0.632911392405063,0.5,0.22753415
1.13924050632911,0.632911392405063,0.5,0.21375403
1.16455696202532,0.632911392405063,0.5,0.1985822
1.18987341772152,0.632911392405063,0.5,0.18242268
1.21518987341772,0.632911392405063,0.5,0.16565828
1.24050632911392,0.632911392405063,0.5,0.14865185
1.26582278481013,0.632911392405063,0.5,0.1317487
1.29113924050633,0.632911392405063,0.5,0.115271434
1.31645569620253,0.632911392405063,0.5,0.099512815
1.34177215189873,0.632911392405063,0.5,0.08472435
1.36708860759494,0.632911392405063,0.5,0.07110584
1.39240506329114,0.632911392405063,0.5,0.058797643
1.41772151898734,0.632911392405063,0.5,0.047878575
1.44303797468354,0.632911392405063,0.5,0.038368262
1.46835443037975,0.632911392405063,0.5,0.030234184
1.49367088607595,0.632911392405063,0.5,0.023401652
1.51898734177215,0.632911392405063,0.5,0.017765636
1.54430379746835,0.632911392405063,0.5,0.013201475
1.56962025316456,0.632911392405063,0.5,0.00957622
1.59493670886076,0.632911392405063,0.5,0.0067551117
1.62025316455696,0.632911392405063,0.5,0.0046092216
1.64556962025316,0.632911392405063,0.5,0.0030187387
1.67088607594937,0.632911392405063,0.5,0.0018765647
1.69620253164557,0.632911392405063,0.5,0.001088269
1.72151898734177,0.632911392405063,0.5,0.00057352334
1.74683544303797,0.632911392405063,0.5,0.00026446953
1.77215189873418,0.632911392405063,0.5,0.000105299056
1.79746835443038,0.632911392405063,0.5,0.000050976872
1.82278481012658,0.632911392405063,0.5,0.00006530434
1.84810126582278,0.632911392405063,0.5,0.00012066588
1.87341772151899,0.632911392405063,0.5,0.00019568205
1.89873417721519,0.632911392405063,0.5,0.00027494878
1.92405063291139,0.632911392405063,0.5,0.00034714118
1.94936708860759,0.632911392405063,0.5,0.00040474534
1.9746835443038,0.632911392405063,0.5,0.0004436411
2,0.632911392405063,0.5,0.0004611686
0,0.658227848101266,0.5,-0.030726958
0.0253164556962025,0.658227848101266,0.5,-0.032773834
0.0506329113924051,0.658227848101266,0.5,-0.034584653
0.0759493670886076,0.658227848101266,0.5,-0.03612053
0.10126582278481,0.658227848101266,0.5,-0.037339505
0.126582278481013,0.658227848101266,0.5,-0.038197976
0.151898734177215,0.658227848101266,0.5,-0.038650032
0.177215189873418,0.658227848101266,0.5,-0.03864881
0.20253164556962,0.658227848101266,0.5,-0.03814688
0.227848101265823,0.658227848101266,0.5,-0.03709672
0.253164556962025,0.658227848101266,0.5,-0.035451766
0.278481012658228,0.658227848101266,0.5,-0.033166956
0.30379746835443,0.658227848101266,0.5,-0.03019965
0.329113924050633,0.658227848101266,0.5,-0.026510108
0.354430379746835,0.658227848101266,0.5,-0.022061575
0.379746835443038,0.658227848101266,0.5,-0.016821556
0.405063291139241,0.658227848101266,0.5,-0.010760739
0.430379746835443,0.658227848101266,0.5,-0.0038530938
0.455696202531646,0.658227848101266,0.5,0.003925167
0.481012658227848,0.658227848101266,0.5,0.012596089
0.506329113924051,0.658227848101266,0.5,0.022182975
0.531645569620253,0.658227848101266,0.5,0.032710824
0.556962025316456,0.658227848101266,0.5,0.04420909
0.582278481012658,0.658227848101266,0.5,0.0567129
0.607594936708861,0.658227848101266,0.5,0.07026325
0.632911392405063,0.658227848101266,0.5,0.08490431
0.658227848101266,0.658227848101266,0.5,0.1006778
0.683544303797468,0.658227848101266,0.5,0.1176101
0.708860759493671,0.658227848101266,0.5,0.13569455
0.734177215189873,0.658227848101266,0.5,0.15486269
0.759493670886076,0.658227848101266,0.5,0.17495091
0.784810126582278,0.658227848101266,0.5,0.19566761
0.810126582278481,0.658227848101266,0.5,0.2165673
0.835443037974684,0.658227848101266,0.5,0.2370487
0.860759493670886,0.658227848101266,0.5,0.2563867
0.886075949367089,0.658227848101266,0.5,0.27379605
0.911392405063291,0.658227848101266,0.5,0.2885182
0.936708860759494,0.658227848101266,0.5,0.29990798
0.962025316455696,0.658227848101266,0.5,0.3074972
0.987341772151899,0.658227848101266,0.5,0.31102902
1.0126582278481,0.658227848101266,0.5,0.31045714
1.0379746835443,0.658227848101266,0.5,0.30592462
1.06329113924051,0.658227848101266,0.5,0.29772615
1.08860759493671,0.658227848101266,0.5,0.2862682
1.11392405063291,0.658227848101266,0.5,0.27202672
1.13924050632911,0.658227848101266,0.5,0.25551233
1.16455696202532,0.658227848101266,0.5,0.23724432
1.18987341772152,0.658227848101266,0.5,0.21773435
1.21518987341772,0.658227848101266,0.5,0.19747621
1.24050632911392,0.658227848101266,0.5,0.17694156
1.26582278481013,0.658227848101266,0.5,0.15657385
1.29113924050633,0.658227848101266,0.5,0.13678032
1.31645569620253,0.658227848101266,0.5,0.11791918
1.34177215189873,0.658227848101266,0.5,0.100289315
1.36708860759494,0.658227848101266,0.5,0.0841181
1.39240506329114,0.658227848101266,0.5,0.06955716
1.41772151898734,0.658227848101266,0.5,0.056681424
1.44303797468354,0.658227848101266,0.5,0.045495927
1.46835443037975,0.658227848101266,0.5,0.03594552
1.49367088607595,0.658227848101266,0.5,0.0279295
1.51898734177215,0.658227848101266,0.5,0.021314064
1.54430379746835,0.658227848101266,0.5,0.015946755
1.56962025316456,0.658227848101266,0.5,0.01166757
1.59493670886076,0.658227848101266,0.5,0.008317949
1.62025316455696,0.658227848101266,0.5,0.0057474244
1.64556962025316,0.658227848101266,0.5,0.0038179122
1.67088607594937,0.658227848101266,0.5,0.0024065115
1.69620253164557,0.658227848101266,0.5,0.0014061369
1.72151898734177,0.658227848101266,0.5,0.0007250756
1.74683544303797,0.658227848101266,0.5,0.0002868846
1.77215189873418,0.658227848101266,0.5,0.000028852373
1.79746835443038,0.658227848101266,0.5,-0.00010039285
1.82278481012658,0.658227848101266,0.5,-0.00014125183
1.84810126582278,0.658227848101266,0.5,-0.00012499094
1.87341772151899,0.658227848101266,0.5,-0.00007619709
1.89873417721519,0.658227848101266,0.5,-0.000012483448
1.92405063291139,0.658227848101266,0.5,0.000052969903
1.94936708860759,0.658227848101266,0.5,0.000111397356
1.9746835443038,0.658227848101266,0.5,0.0001569055
2,0.658227848101266,0.5,0.00018620491
0,0.683544303797468,0.5,-0.025057126
0.0253164556962025,0.683544303797468,0.5,-0.027220275
0.0506329113924051,0.683544303797468,0.5,-0.0291777
0.0759493670886076,0.683544303797468,0.5,-0.030890781
0.10126582278481,0.683544303797468,0.5,-0.03231636
0.126582278481013,0.683544303797468,0.5,-0.033408504
0.151898734177215,0.683544303797468,0.5,-0.034118067
0.177215189873418,0.683544303797468,0.5,-0.034392703
0.20253164556962,0.683544303797468,0.5,-0.034177836
0.227848101265823,0.683544303797468,0.5,-0.033417325
0.253164556962025,0.683544303797468,0.5,-0.032053377
0.278481012658228,0.683544303797468,0.5,-0.0300274
0.30379746835443,0.683544303797468,0.5,-0.027280744
0.329113924050633,0.683544303797468,0.5,-0.023755543
0.354430379746835,0.683544303797468,0.5,-0.01939419
0.379746835443038,0.683544303797468,0.5,-0.01414137
0.405063291139241,0.683544303797468,0.5,-0.007942565
0.430379746835443,0.683544303797468,0.5,-0.00074546784
0.455696202531646,0.683544303797468,0.5,0.0075016804
0.481012658227848,0.683544303797468,0.5,0.016849976
0.506329113924051,0.683544303797468,0.5,0.027350266
0.531645569620253,0.683544303797468,0.5,0.039054755
0.556962025316456,0.683544303797468,0.5,0.052017476
0.582278481012658,0.683544303797468,0.5,0.066294044
0.607594936708861,0.683544303797468,0.5,0.081940144
0.632911392405063,0.683544303797468,0.5,0.09900783
0.658227848101266,0.683544303797468,0.5,0.11753635
0.683544303797468,0.683544303797468,0.5,0.13753866
0.708860759493671,0.683544303797468,0.5,0.15897937
0.734177215189873,0.683544303797468,0.5,0.1817448
0.759493670886076,0.683544303797468,0.5,0.2056071
0.784810126582278,0.683544303797468,0.5,0.23018964
0.810126582278481,0.683544303797468,0.5,0.25494292
0.835443037974684,0.683544303797468,0.5,0.27914736
0.860759493670886,0.683544303797468,0.5,0.30195346
0.886075949367089,0.683544303797468,0.5,0.32245722
0.911392405063291,0.683544303797468,0.5,0.33979627
0.936708860759494,0.683544303797468,0.5,0.3532419
0.962025316455696,0.683544303797468,0.5,0.3622649
0.987341772151899,0.683544303797468,0.5,0.3665647
1.0126582278481,0.683544303797468,0.5,0.36606845
1.0379746835443,0.683544303797468,0.5,0.36090815
1.06329113924051,0.683544303797468,0.5,0.35138825
1.08860759493671,0.683544303797468,0.5,0.33794868
1.11392405063291,0.683544303797468,0.5,0.3211261
1.13924050632911,0.683544303797468,0.5,0.30151916
1.16455696202532,0.683544303797468,0.5,0.2797568
1.18987341772152,0.683544303797468,0.5,0.25647438
1.21518987341772,0.683544303797468,0.5,0.23229523
1.24050632911392,0.683544303797468,0.5,0.20781514
1.26582278481013,0.683544303797468,0.5,0.18358992
1.29113924050633,0.683544303797468,0.5,0.16012001
1.31645569620253,0.683544303797468,0.5,0.13783653
1.34177215189873,0.683544303797468,0.5,0.117087826
1.36708860759494,0.683544303797468,0.5,0.09812909
1.39240506329114,0.683544303797468,0.5,0.081120044
1.41772151898734,0.683544303797468,0.5,0.06612824
1.44303797468354,0.683544303797468,0.5,0.053139374
1.46835443037975,0.683544303797468,0.5,0.04207178
1.49367088607595,0.683544303797468,0.5,0.032792497
1.51898734177215,0.683544303797468,0.5,0.025135744
1.54430379746835,0.683544303797468,0.5,0.018916912
1.56962025316456,0.683544303797468,0.5,0.013946667
1.59493670886076,0.683544303797468,0.5,0.010039568
1.62025316455696,0.683544303797468,0.5,0.0070219375
1.64556962025316,0.683544303797468,0.5,0.0047360733
1.67088607594937,0.683544303797468,0.5,0.0030417517
1.69620253164557,0.683544303797468,0.5,0.001818236
1.72151898734177,0.683544303797468,0.5,0.00096258894
1.74683544303797,0.683544303797468,0.5,0.0003888607
1.77215189873418,0.683544303797468,0.5,0.000026613474
1.79746835443038,0.683544303797468,0.5,-0.00018141791
1.82278481012658,0.683544303797468,0.5,-0.00027982146
1.84810126582278,0.683544303797468,0.5,-0.0003049411
1.87341772151899,0.683544303797468,0.5,-0.00028328598
1.89873417721519,0.683544303797468,0.5,-0.00023575127
1.92405063291139,0.683544303797468,0.5,-0.00017697364
1.94936708860759,0.683544303797468,0.5,-0.000117860734
1.9746835443038,0.683544303797468,0.5,-0.00006492436
2,0.683544303797468,0.5,-0.000022791326
0,0.708860759493671,0.5,-0.019160978
0.0253164556962025,0.708860759493671,0.5,-0.021386936
0.0506329113924051,0.708860759493671,0.5,-0.023436137
0.0759493670886076,0.708860759493671,0.5,-0.025269743
0.10126582278481,0.708860759493671,0.5,-0.026845299
0.126582278481013,0.708860759493671,0.5,-0.02811516
0.151898734177215,0.708860759493671,0.5,-0.029027503
0.177215189873418,0.708860759493671,0.5,-0.029526383
0.20253164556962,0.708860759493671,0.5,-0.02955123
0.227848101265823,0.708860759493671,0.5,-0.029037785
0.253164556962025,0.708860759493671,0.5,-0.027918078
0.278481012658228,0.708860759493671,0.5,-0.026121285
0.30379746835443,0.708860759493671,0.5,-0.023573164
0.329113924050633,0.708860759493671,0.5,-0.020197812
0.354430379746835,0.708860759493671,0.5,-0.015917156
0.379746835443038,0.708860759493671,0.5,-0.010651868
0.405063291139241,0.708860759493671,0.5,-0.004321359
0.430379746835443,0.708860759493671,0.5,0.0031558722
0.455696202531646,0.708860759493671,0.5,0.0118621215
0.481012658227848,0.708860759493671,0.5,0.021880437
0.506329113924051,0.708860759493671,0.5,0.033294763
0.531645569620253,0.708860759493671,0.5,0.04618984
0.556962025316456,0.708860759493671,0.5,0.06065036
0.582278481012658,0.708860759493671,0.5,0.07675913
0.607594936708861,0.708860759493671,0.5,0.094594166
0.632911392405063,0.708860759493671,0.5,0.11422123
0.658227848101266,0.708860759493671,0.5,0.1356837
0.683544303797468,0.708860759493671,0.5,0.1589842
0.708860759493671,0.708860759493671,0.5,0.18406023
0.734177215189873,0.708860759493671,0.5,0.21075037
0.759493670886076,0.708860759493671,0.5,0.23875512
0.784810126582278,0.708860759493671,0.5,0.26760095
0.810126582278481,0.708860759493671,0.5,0.29661813
0.835443037974684,0.708860759493671,0.5,0.32494965
0.860759493670886,0.708860759493671,0.5,0.35160196
0.886075949367089,0.708860759493671,0.5,0.37553403
0.911392405063291,0.708860759493671,0.5,0.39576513
0.936708860759494,0.708860759493671,0.5,0.4114735
0.962025316455696,0.708860759493671,0.5,0.4220621
0.987341772151899,0.708860759493671,0.5,0.4271854
1.0126582278481,0.708860759493671,0.5,0.42674395
1.0379746835443,0.708860759493671,0.5,0.42086187
1.06329113924051,0.708860759493671,0.5,0.40985715
1.08860759493671,0.708860759493671,0.5,0.39420873
1.11392405063291,0.708860759493671,0.5,0.37452105
1.13924050632911,0.708860759493671,0.5,0.35149053
1.16455696202532,0.708860759493671,0.5,0.32586834
1.18987341772152,0.708860759493671,0.5,0.29842788
1.21518987341772,0.708860759493671,0.5,0.26993588
1.24050632911392,0.708860759493671,0.5,0.24112691
1.26582278481013,0.708860759493671,0.5,0.21268035
1.29113924050633,0.708860759493671,0.5,0.18520038
1.31645569620253,0.708860759493671,0.5,0.1591963
1.34177215189873,0.708860759493671,0.5,0.13506882
1.36708860759494,0.708860759493671,0.5,0.11310136
1.39240506329114,0.708860759493671,0.5,0.093459964
1.41772151898734,0.708860759493671,0.5,0.07620098
1.44303797468354,0.708860759493671,0.5,0.061286934
1.46835443037975,0.708860759493671,0.5,0.048604257
1.49367088607595,0.708860759493671,0.5,0.037984837
1.51898734177215,0.708860759493671,0.5,0.029226076
1.54430379746835,0.708860759493671,0.5,0.022108443
1.56962025316456,0.708860759493671,0.5,0.016409876
1.59493670886076,0.708860759493671,0.5,0.011916161
1.62025316455696,0.708860759493671,0.5,0.008428682
1.64556962025316,0.708860759493671,0.5,0.0057681613
1.67088607594937,0.708860759493671,0.5,0.0037771277
1.69620253164557,0.708860759493671,0.5,0.0023196787
1.72151898734177,0.708860759493671,0.5,0.0012806766
1.74683544303797,0.708860759493671,0.5,0.00056482106
1.77215189873418,0.708860759493671,0.5,0.00009344146
1.79746835443038,0.708860759493671,0.5,-0.00019648299
1.82278481012658,0.708860759493671,0.5,-0.0003554225
1.84810126582278,0.708860759493671,0.5,-0.0004232712
1.87341772151899,0.708860759493671,0.5,-0.00042980537
1.89873417721519,0.708860759493671,0.5,-0.0003986396
1.92405063291139,0.708860759493671,0.5,-0.00034654886
1.94936708860759,0.708860759493671,0.5,-0.00028590485
1.9746835443038,0.708860759493671,0.5,-0.00022516027
2,0.708860759493671,0.5,-0.00016988069
0,0.734177215189873,0.5,-0.013195183
0.0253164556962025,0.734177215189873,0.5,-0.015437286
0.0506329113924051,0.734177215189873,0.5,-0.017528575
0.0759493670886076,0.734177215189873,0.5,-0.019431952
0.10126582278481,0.734177215189873,0.5,-0.021104332
0.126582278481013,0.734177215189873,0.5,-0.022498164
0.151898734177215,0.734177215189873,0.5,-0.023560088
0.177215189873418,0.734177215189873,0.5,-0.02423082
0.20253164556962,0.734177215189873,0.5,-0.024445113
0.227848101265823,0.734177215189873,0.5,-0.024132308
0.253164556962025,0.734177215189873,0.5,-0.023214836
0.278481012658228,0.734177215189873,0.5,-0.021610301
0.30379746835443,0.734177215189873,0.5,-0.019230273
0.329113924050633,0.734177215189873,0.5,-0.015981223
0.354430379746835,0.734177215189873,0.5,-0.011764493
0.379746835443038,0.734177215189873,0.5,-0.0064767264
0.405063291139241,0.734177215189873,0.5,-0.000010151416
0.430379746835443,0.734177215189873,0.5,0.0077467524
0.455696202531646,0.734177215189873,0.5,0.016909521
0.481012658227848,0.734177215189873,0.5,0.027596701
0.506329113924051,0.734177215189873,0.5,0.039929274
0.531645569620253,0.734177215189873,0.5,0.054029185
0.556962025316456,0.734177215189873,0.5,0.07001756
0.582278481012658,0.734177215189873,0.5,0.08801116
0.607594936708861,0.734177215189873,0.5,0.10811633
0.632911392405063,0.734177215189873,0.5,0.13041954
0.658227848101266,0.734177215189873,0.5,0.15497315
0.683544303797468,0.734177215189873,0.5,0.1817735
0.708860759493671,0.734177215189873,0.5,0.21073188
0.734177215189873,0.734177215189873,0.5,0.24163619
0.759493670886076,0.734177215189873,0.5,0.27410826
0.784810126582278,0.734177215189873,0.5,0.3075658
0.810126582278481,0.734177215189873,0.5,0.34120324
0.835443037974684,0.734177215189873,0.5,0.37400764
0.860759493670886,0.734177215189873,0.5,0.40482387
0.886075949367089,0.734177215189873,0.5,0.43245825
0.911392405063291,0.734177215189873,0.5,0.45580032
0.936708860759494,0.734177215189873,0.5,0.4739282
0.962025316455696,0.734177215189873,0.5,0.48617426
0.987341772151899,0.734177215189873,0.5,0.49214807
1.0126582278481,0.734177215189873,0.5,0.49172688
1.0379746835443,0.734177215189873,0.5,0.4850316
1.06329113924051,0.734177215189873,0.5,0.4723982
1.08860759493671,0.734177215189873,0.5,0.4543502
1.11392405063291,0.734177215189873,0.5,0.43156588
1.13924050632911,0.734177215189873,0.5,0.4048449
1.16455696202532,0.734177215189873,0.5,0.37506804
1.18987341772152,0.734177215189873,0.5,0.343156
1.21518987341772,0.734177215189873,0.5,0.3100299
1.24050632911392,0.734177215189873,0.5,0.27657318
1.26582278481013,0.734177215189873,0.5,0.2435997
1.29113924050633,0.734177215189873,0.5,0.21182525
1.31645569620253,0.734177215189873,0.5,0.18184376
1.34177215189873,0.734177215189873,0.5,0.1541116
1.36708860759494,0.734177215189873,0.5,0.12894143
1.39240506329114,0.734177215189873,0.5,0.106504604
1.41772151898734,0.734177215189873,0.5,0.086844444
1.44303797468354,0.734177215189873,0.5,0.06989584
1.46835443037975,0.734177215189873,0.5,0.05551072
1.49367088607595,0.734177215189873,0.5,0.04348108
1.51898734177215,0.734177215189873,0.5,0.033565093
1.54430379746835,0.734177215189873,0.5,0.025504662
1.56962025316456,0.734177215189873,0.5,0.019043084
1.59493670886076,0.734177215189873,0.5,0.013935521
1.62025316455696,0.734177215189873,0.5,0.009956706
1.64556962025316,0.734177215189873,0.5,0.0069047585
1.67088607594937,0.734177215189873,0.5,0.004603483
1.69620253164557,0.734177215189873,0.5,0.0029014014
1.72151898734177,0.734177215189873,0.5,0.0016712844
1.74683544303797,0.734177215189873,0.5,0.00080707297
1.77215189873418,0.734177215189873,0.5,0.00022221729
1.79746835443038,0.734177215189873,0.5,-0.00015298277
1.82278481012658,0.734177215189873,0.5,-0.0003745146
1.84810126582278,0.734177215189873,0.5,-0.00048602
1.87341772151899,0.734177215189873,0.5,-0.0005214289
1.89873417721519,0.734177215189873,0.5,-0.0005065203
1.92405063291139,0.734177215189873,0.5,-0.00046076626
1.94936708860759,0.734177215189873,0.5,-0.00039824843
1.9746835443038,0.734177215189873,0.5,-0.00032902882
2,0.734177215189873,0.5,-0.00025988743
0,0.759493670886076,0.5,-0.007327143
0.0253164556962025,0.759493670886076,0.5,-0.009548243
0.0506329113924051,0.759493670886076,0.5,-0.01164135
0.0759493670886076,0.759493670886076,0.5,-0.013570715
0.10126582278481,0.759493670886076,0.5,-0.015294667
0.126582278481013,0.759493670886076,0.5,-0.016765337
0.151898734177215,0.759493670886076,0.5,-0.017928574
0.177215189873418,0.759493670886076,0.5,-0.018722724
0.20253164556962,0.759493670886076,0.5,-0.019079018
0.227848101265823,0.759493670886076,0.5,-0.018920425
0.253164556962025,0.759493670886076,0.5,-0.018161949
0.278481012658228,0.759493670886076,0.5,-0.016710315
0.30379746835443,0.759493670886076,0.5,-0.01446392
0.329113924050633,0.759493670886076,0.5,-0.011312444
0.354430379746835,0.759493670886076,0.5,-0.007136833
0.379746835443038,0.759493670886076,0.5,-0.0018100776
0.405063291139241,0.759493670886076,0.5,0.004802916
0.430379746835443,0.759493670886076,0.5,0.012845095
0.455696202531646,0.759493670886076,0.5,0.022466939
0.481012658227848,0.759493670886076,0.5,0.033824425
0.506329113924051,0.759493670886076,0.5,0.04707891
0.531645569620253,0.759493670886076,0.5,0.0623941
0.556962025316456,0.759493670886076,0.5,0.07993223
0.582278481012658,0.759493670886076,0.5,0.0998494
0.607594936708861,0.759493670886076,0.5,0.12228647
0.632911392405063,0.759493670886076,0.5,0.14735578
0.658227848101266,0.759493670886076,0.5,0.17512313
0.683544303797468,0.759493670886076,0.5,0.20558167
0.708860759493671,0.759493670886076,0.5,0.23861644
0.734177215189873,0.759493670886076,0.5,0.2739613
0.759493670886076,0.759493670886076,0.5,0.31115192
0.784810126582278,0.759493670886076,0.5,0.34948617
0.810126582278481,0.759493670886076,0.5,0.38800743
0.835443037974684,0.759493670886076,0.5,0.42553252
0.860759493670886,0.759493670886076,0.5,0.46072978
0.886075949367089,0.759493670886076,0.5,0.4922433
0.911392405063291,0.759493670886076,0.5,0.5188263
0.936708860759494,0.759493670886076,0.5,0.53945506
0.962025316455696,0.759493670886076,0.5,0.55339384
0.987341772151899,0.759493670886076,0.5,0.5602113
1.0126582278481,0.759493670886076,0.5,0.5597668
1.0379746835443,0.759493670886076,0.5,0.5521836
1.06329113924051,0.759493670886076,0.5,0.5378217
1.08860759493671,0.759493670886076,0.5,0.5172514
1.11392405063291,0.759493670886076,0.5,0.49122673
1.13924050632911,0.759493670886076,0.5,0.46065125
1.16455696202532,0.759493670886076,0.5,0.42653617
1.18987341772152,0.759493670886076,0.5,0.389952
1.21518987341772,0.759493670886076,0.5,0.35197872
1.24050632911392,0.759493670886076,0.5,0.31365576
1.26582278481013,0.759493670886076,0.5,0.2759389
1.29113924050633,0.759493670886076,0.5,0.23966281
1.31645569620253,0.759493670886076,0.5,0.20551208
1.34177215189873,0.759493670886076,0.5,0.17400376
1.36708860759494,0.759493670886076,0.5,0.14548135
1.39240506329114,0.759493670886076,0.5,0.12012206
1.41772151898734,0.759493670886076,0.5,0.09795438
1.44303797468354,0.759493670886076,0.5,0.07888481
1.46835443037975,0.759493670886076,0.5,0.06272669
1.49367088607595,0.759493670886076,0.5,0.049230784
1.51898734177215,0.759493670886076,0.5,0.03811209
1.54430379746835,0.759493670886076,0.5,0.029072894
1.56962025316456,0.759493670886076,0.5,0.021819886
1.59493670886076,0.759493670886076,0.5,0.01607531
1.62025316455696,0.759493670886076,0.5,0.01158689
1.64556962025316,0.759493670886076,0.5,0.008129001
1.67088607594937,0.759493670886076,0.5,0.0055058673
1.69620253164557,0.759493670886076,0.5,0.0035505705
1.72151898734177,0.759493670886076,0.5,0.002122417
1.74683544303797,0.759493670886076,0.5,0.0011048913
1.77215189873418,0.759493670886076,0.5,0.00040294603
1.79746835443038,0.759493670886076,0.5,-0.000059906393
1.82278481012658,0.759493670886076,0.5,-0.00034549087
1.84810126582278,0.759493670886076,0.5,-0.000501547
1.87341772151899,0.759493670886076,0.5,-0.0005656928
1.89873417721519,0.759493670886076,0.5,-0.00056707114
1.92405063291139,0.759493670886076,0.5,-0.0005271882
1.94936708860759,0.759493670886076,0.5,-0.0004621409
1.9746835443038,0.759493670886076,0.5,-0.0003839545
2,0.759493670886076,0.5,-0.00030095875
0,0.784810126582278,0.5,-0.0017267279
0.0253164556962025,0.784810126582278,0.5,-0.0039007403
0.0506329113924051,0.784810126582278,0.5,-0.0059664436
0.0759493670886076,0.784810126582278,0.5,-0.007889915
0.10126582278481,0.784810126582278,0.5,-0.009630356
0.126582278481013,0.784810126582278,0.5,-0.01114044
0.151898734177215,0.784810126582278,0.5,-0.012365397
0.177215189873418,0.784810126582278,0.5,-0.013242181
0.20253164556962,0.784810126582278,0.5,-0.013698701
0.227848101265823,0.784810126582278,0.5,-0.013653312
0.253164556962025,0.784810126582278,0.5,-0.013014238
0.278481012658228,0.784810126582278,0.5,-0.011678223
0.30379746835443,0.784810126582278,0.5,-0.009531233
0.329113924050633,0.784810126582278,0.5,-0.006447371
0.354430379746835,0.784810126582278,0.5,-0.002288457
0.379746835443038,0.784810126582278,0.5,0.0030962564
0.405063291139241,0.784810126582278,0.5,0.009868871
0.430379746835443,0.784810126582278,0.5,0.018204022
0.455696202531646,0.784810126582278,0.5,0.028287325
0.481012658227848,0.784810126582278,0.5,0.040315043
0.506329113924051,0.784810126582278,0.5,0.054490346
0.531645569620253,0.784810126582278,0.5,0.07102178
0.556962025316456,0.784810126582278,0.5,0.09011671
0.582278481012658,0.784810126582278,0.5,0.11197491
0.607594936708861,0.784810126582278,0.5,0.13677523
0.632911392405063,0.784810126582278,0.5,0.1646607
0.658227848101266,0.784810126582278,0.5,0.1957139
0.683544303797468,0.784810126582278,0.5,0.22992568
0.708860759493671,0.784810126582278,0.5,0.267154
0.734177215189873,0.784810126582278,0.5,0.30707467
0.759493670886076,0.784810126582278,0.5,0.349129
0.784810126582278,0.784810126582278,0.5,0.39248455
0.810126582278481,0.784810126582278,0.5,0.43602234
0.835443037974684,0.784810126582278,0.5,0.478377
0.860759493670886,0.784810126582278,0.5,0.51803416
0.886075949367089,0.784810126582278,0.5,0.5534711
0.911392405063291,0.784810126582278,0.5,0.58330774
0.936708860759494,0.784810126582278,0.5,0.60642433
0.962025316455696,0.784810126582278,0.5,0.6220238
0.987341772151899,0.784810126582278,0.5,0.62964267
1.0126582278481,0.784810126582278,0.5,0.62913036
1.0379746835443,0.784810126582278,0.5,0.62061834
1.06329113924051,0.784810126582278,0.5,0.6044939
1.08860759493671,0.784810126582278,0.5,0.58137465
1.11392405063291,0.784810126582278,0.5,0.5520858
1.13924050632911,0.784810126582278,0.5,0.5176281
1.16455696202532,0.784810126582278,0.5,0.47913677
1.18987341772152,0.784810126582278,0.5,0.43782723
1.21518987341772,0.784810126582278,0.5,0.39493626
1.24050632911392,0.784810126582278,0.5,0.35166094
1.26582278481013,0.784810126582278,0.5,0.30910352
1.29113924050633,0.784810126582278,0.5,0.26822352
1.31645569620253,0.784810126582278,0.5,0.22980274
1.34177215189873,0.784810126582278,0.5,0.194423
1.36708860759494,0.784810126582278,0.5,0.16246277
1.39240506329114,0.784810126582278,0.5,0.13410646
1.41772151898734,0.784810126582278,0.5,0.10936849
1.44303797468354,0.784810126582278,0.5,0.08812536
1.46835443037975,0.784810126582278,0.5,0.0701513
1.49367088607595,0.784810126582278,0.5,0.055153612
1.51898734177215,0.784810126582278,0.5,0.042804025
1.54430379746835,0.784810126582278,0.5,0.03276276
1.56962025316456,0.784810126582278,0.5,0.02469891
1.59493670886076,0.784810126582278,0.5,0.018302102
1.62025316455696,0.784810126582278,0.5,0.013291143
1.64556962025316,0.784810126582278,0.5,0.009417191
1.67088607594937,0.784810126582278,0.5,0.00646428
1.69620253164557,0.784810126582278,0.5,0.004249301
1.72151898734177,0.784810126582278,0.5,0.0026182123
1.74683544303797,0.784810126582278,0.5,0.0014439113
1.77215189873418,0.784810126582278,0.5,0.00062251836
1.79746835443038,0.784810126582278,0.5,0.00007041544
1.82278481012658,0.784810126582278,0.5,-0.0002795644
1.84810126582278,0.784810126582278,0.5,-0.00048043206
1.87341772151899,0.784810126582278,0.5,-0.0005733818
1.89873417721519,0.784810126582278,0.5,-0.0005904436
1.92405063291139,0.784810126582278,0.5,-0.0005557686
1.94936708860759,0.784810126582278,0.5,-0.00048799068
1.9746835443038,0.784810126582278,0.5,-0.00040050969
2,0.784810126582278,0.5,-0.00030351058
0,0.810126582278481,0.5,0.0034409054
0.0253164556962025,0.810126582278481,0.5,0.001327794
0.0506329113924051,0.810126582278481,0.5,-0.0006938018
0.0759493670886076,0.810126582278481,0.5,-0.0025914274
0.10126582278481,0.810126582278481,0.5,-0.0043252297
0.126582278481013,0.810126582278481,0.5,-0.0058488883
0.151898734177215,0.810126582278481,0.5,-0.0071072318
0.177215189873418,0.810126582278481,0.5,-0.008036029
0.20253164556962,0.810126582278481,0.5,-0.008560654
0.227848101265823,0.810126582278481,0.5,-0.008595627
0.253164556962025,0.810126582278481,0.5,-0.008042481
0.278481012658228,0.810126582278481,0.5,-0.006790016
0.30379746835443,0.810126582278481,0.5,-0.0047125034
0.329113924050633,0.810126582278481,0.5,-0.001669351
0.354430379746835,0.810126582278481,0.5,0.0024958812
0.379746835443038,0.810126582278481,0.5,0.007955786
0.405063291139241,0.810126582278481,0.5,0.014899377
0.430379746835443,0.810126582278481,0.5,0.02353276
0.455696202531646,0.810126582278481,0.5,0.034077
0.481012658227848,0.810126582278481,0.5,0.04676802
0.506329113924051,0.810126582278481,0.5,0.061852816
0.531645569620253,0.810126582278481,0.5,0.07958622
0.556962025316456,0.810126582278481,0.5,0.10022308
0.582278481012658,0.810126582278481,0.5,0.12400858
0.607594936708861,0.810126582278481,0.5,0.15116319
0.632911392405063,0.810126582278481,0.5,0.18186197
0.658227848101266,0.810126582278481,0.5,0.21620569
0.683544303797468,0.810126582278481,0.5,0.25418276
0.708860759493671,0.810126582278481,0.5,0.29562178
0.734177215189873,0.810126582278481,0.5,0.34013453
0.759493670886076,0.810126582278481,0.5,0.38706163
0.784810126582278,0.810126582278481,0.5,0.43543118
0.810126582278481,0.810126582278481,0.5,0.48395434
0.835443037974684,0.810126582278481,0.5,0.531079
0.860759493670886,0.810126582278481,0.5,0.5751083
0.886075949367089,0.810126582278481,0.5,0.6143601
0.911392405063291,0.810126582278481,0.5,0.6473321
0.936708860759494,0.810126582278481,0.5,0.67282116
0.962025316455696,0.810126582278481,0.5,0.6899825
0.987341772151899,0.810126582278481,0.5,0.6983314
1.0126582278481,0.810126582278481,0.5,0.6977166
1.0379746835443,0.810126582278481,0.5,0.6882832
1.06329113924051,0.810126582278481,0.5,0.6704449
1.08860759493671,0.810126582278481,0.5,0.6448622
1.11392405063291,0.810126582278481,0.5,0.6124208
1.13924050632911,0.810126582278481,0.5,0.5742068
1.16455696202532,0.810126582278481,0.5,0.5314649
1.18987341772152,0.810126582278481,0.5,0.48554286
1.21518987341772,0.810126582278481,0.5,0.43782637
1.24050632911392,0.810126582278481,0.5,0.389667
1.26582278481013,0.810126582278481,0.5,0.34231418
1.29113924050633,0.810126582278481,0.5,0.29685625
1.31645569620253,0.810126582278481,0.5,0.25417712
1.34177215189873,0.810126582278481,0.5,0.21492895
1.36708860759494,0.810126582278481,0.5,0.17952903
1.39240506329114,0.810126582278481,0.5,0.1481714
1.41772151898734,0.810126582278481,0.5,0.12085809
1.44303797468354,0.810126582278481,0.5,0.097436085
1.46835443037975,0.810126582278481,0.5,0.07764122
1.49367088607595,0.810126582278481,0.5,0.061137
1.51898734177215,0.810126582278481,0.5,0.047551192
1.54430379746835,0.810126582278481,0.5,0.03650275
1.56962025316456,0.810126582278481,0.5,0.027623247
1.59493670886076,0.810126582278481,0.5,0.020569295
1.62025316455696,0.810126582278481,0.5,0.015031517
1.64556962025316,0.810126582278481,0.5,0.010737352
1.67088607594937,0.810126582278481,0.5,0.0074513517
1.69620253164557,0.810126582278481,0.5,0.004973918
1.72151898734177,0.810126582278481,0.5,0.0031378232
1.74683544303797,0.810126582278481,0.5,0.0018055551
1.77215189873418,0.810126582278481,0.5,0.0008640252
1.79746835443038,0.810126582278481,0.5,0.00022252277
1.82278481012658,0.810126582278481,0.5,-0.00019190088
1.84810126582278,0.810126582278481,0.5,-0.00043690577
1.87341772151899,0.810126582278481,0.5,-0.0005575977
1.89873417721519,0.810126582278481,0.5,-0.00058956444
1.92405063291139,0.810126582278481,0.5,-0.0005595647
1.94936708860759,0.810126582278481,0.5,-0.0004883893
1.9746835443038,0.810126582278481,0.5,-0.0003914237
2,0.810126582278481,0.5,-0.0002805628
0,0.835443037974684,0.5,0.008023944
0.0253164556962025,0.835443037974684,0.5,0.005973909
0.0506329113924051,0.835443037974684,0.5,0.004000973
0.0759493670886076,0.835443037974684,0.5,0.0021369047
0.10126582278481,0.835443037974684,0.5,0.0004200898
0.126582278481013,0.835443037974684,0.5,-0.0011032261
0.151898734177215,0.835443037974684,0.5,-0.002378311
0.177215189873418,0.835443037974684,0.5,-0.0033396445
0.20253164556962,0.835443037974684,0.5,-0.003910888
0.227848101265823,0.835443037974684,0.5,-0.0040026195
0.253164556962025,0.835443037974684,0.5,-0.0035109706
0.278481012658228,0.835443037974684,0.5,-0.0023173578
0.30379746835443,0.835443037974684,0.5,-0.00028571114
0.329113924050633,0.835443037974684,0.5,0.0027379654
0.354430379746835,0.835443037974684,0.5,0.006927181
0.379746835443038,0.835443037974684,0.5,0.01247536
0.405063291139241,0.835443037974684,0.5,0.019597504
0.430379746835443,0.835443037974684,0.5,0.028528709
0.455696202531646,0.835443037974684,0.5,0.039525528
0.481012658227848,0.835443037974684,0.5,0.05286273
0.506329113924051,0.835443037974684,0.5,0.068831235
0.531645569620253,0.835443037974684,0.5,0.08773151
0.556962025316456,0.835443037974684,0.5,0.10986623
0.582278481012658,0.835443037974684,0.5,0.13552684
0.607594936708861,0.835443037974684,0.5,0.1649756
0.632911392405063,0.835443037974684,0.5,0.19842012
0.658227848101266,0.835443037974684,0.5,0.2359776
0.683544303797468,0.835443037974684,0.5,0.2776325
0.708860759493671,0.835443037974684,0.5,0.32317963
0.734177215189873,0.835443037974684,0.5,0.37216255
0.759493670886076,0.835443037974684,0.5,0.42381424
0.784810126582278,0.835443037974684,0.5,0.47701886
0.810126582278481,0.835443037974684,0.5,0.5303153
0.835443037974684,0.835443037974684,0.5,0.58196884
0.860759493670886,0.835443037974684,0.5,0.6301101
0.886075949367089,0.835443037974684,0.5,0.67291486
0.911392405063291,0.835443037974684,0.5,0.7087774
0.936708860759494,0.835443037974684,0.5,0.7364316
0.962025316455696,0.835443037974684,0.5,0.755001
0.987341772151899,0.835443037974684,0.5,0.7639935
1.0126582278481,0.835443037974684,0.5,0.76326334
1.0379746835443,0.835443037974684,0.5,0.7529709
1.06329113924051,0.835443037974684,0.5,0.73355293
1.08860759493671,0.835443037974684,0.5,0.7057027
1.11392405063291,0.835443037974684,0.5,0.67035306
1.13924050632911,0.835443037974684,0.5,0.6286558
1.16455696202532,0.835443037974684,0.5,0.58194625
1.18987341772152,0.835443037974684,0.5,0.53168744
1.21518987341772,0.835443037974684,0.5,0.47940135
1.24050632911392,0.835443037974684,0.5,0.42658514
1.26582278481013,0.835443037974684,0.5,0.37463322
1.29113924050633,0.835443037974684,0.5,0.3247644
1.31645569620253,0.835443037974684,0.5,0.27796698
1.34177215189873,0.835443037974684,0.5,0.23496825
1.36708860759494,0.835443037974684,0.5,0.19622667
1.39240506329114,0.835443037974684,0.5,0.16194989
1.41772151898734,0.835443037974684,0.5,0.13212863
1.44303797468354,0.835443037974684,0.5,0.106583
1.46835443037975,0.835443037974684,0.5,0.08501069
1.49367088607595,0.835443037974684,0.5,0.06703378
1.51898734177215,0.835443037974684,0.5,0.052237332
1.54430379746835,0.835443037974684,0.5,0.04020062
1.56962025316456,0.835443037974684,0.5,0.030518686
1.59493670886076,0.835443037974684,0.5,0.0228169
1.62025316455696,0.835443037974684,0.5,0.016758583
1.64556962025316,0.835443037974684,0.5,0.012048539
1.67088607594937,0.835443037974684,0.5,0.008432269
1.69620253164557,0.835443037974684,0.5,0.005694587
1.72151898734177,0.835443037974684,0.5,0.003655374
1.74683544303797,0.835443037974684,0.5,0.0021665618
1.77215189873418,0.835443037974684,0.5,0.001106374
1.79746835443038,0.835443037974684,0.5,0.00037736073
1.82278481012658,0.835443037974684,0.5,-0.00009988621
1.84810126582278,0.835443037974684,0.5,-0.0003874451
1.87341772151899,0.835443037974684,0.5,-0.00053463504
1.89873417721519,0.835443037974684,0.5,-0.00058000535
1.92405063291139,0.835443037974684,0.5,-0.000553377
1.94936708860759,0.835443037974684,0.5,-0.00047782809
1.9746835443038,0.835443037974684,0.5,-0.00037090108
2,0.835443037974684,0.5,-0.00024619326
0,0.860759493670886,0.5,0.011891346
0.0253164556962025,0.860759493670886,0.5,0.009895626
0.0506329113924051,0.860759493670886,0.5,0.007965807
0.0759493670886076,0.860759493670886,0.5,0.0061320104
0.10126582278481,0.860759493670886,0.5,0.004431974
0.126582278481013,0.860759493670886,0.5,0.0029113553
0.151898734177215,0.860759493670886,0.5,0.0016254075
0.177215189873418,0.860759493670886,0.5,0.00064013526
0.20253164556962,0.860759493670886,0.5,0.000034030527
0.227848101265823,0.860759493670886,0.5,-0.00010012463
0.253164556962025,0.860759493670886,0.5,0.00034535304
0.278481012658228,0.860759493670886,0.5,0.0014965422
0.30379746835443,0.860759493670886,0.5,0.0034987442
0.329113924050633,0.860759493670886,0.5,0.006517846
0.354430379746835,0.860759493670886,0.5,0.010742951
0.379746835443038,0.860759493670886,0.5,0.016386773
0.405063291139241,0.860759493670886,0.5,0.023687694
0.430379746835443,0.860759493670886,0.5,0.032909486
0.455696202531646,0.860759493670886,0.5,0.04434071
0.481012658227848,0.860759493670886,0.5,0.058294047
0.506329113924051,0.860759493670886,0.5,0.075101644
0.531645569620253,0.860759493670886,0.5,0.09510866
0.556962025316456,0.860759493670886,0.5,0.11866361
0.582278481012658,0.860759493670886,0.5,0.14610273
0.607594936708861,0.860759493670886,0.5,0.17772768
0.632911392405063,0.860759493670886,0.5,0.21377604
0.658227848101266,0.860759493670886,0.5,0.25437984
0.683544303797468,0.860759493670886,0.5,0.299515
0.708860759493671,0.860759493670886,0.5,0.3489385
0.734177215189873,0.860759493670886,0.5,0.4021209
0.759493670886076,0.860759493670886,0.5,0.45818514
0.784810126582278,0.860759493670886,0.5,0.5158704
0.810126582278481,0.860759493670886,0.5,0.57354987
0.835443037974684,0.860759493670886,0.5,0.6293179
0.860759493670886,0.860759493670886,0.5,0.6811541
0.886075949367089,0.860759493670886,0.5,0.7271166
0.911392405063291,0.860759493670886,0.5,0.7655224
0.936708860759494,0.860759493670886,0.5,0.7950656
0.962025316455696,0.860759493670886,0.5,0.81485605
0.987341772151899,0.860759493670886,0.5,0.8244038
1.0126582278481,0.860759493670886,0.5,0.82357293
1.0379746835443,0.860759493670886,0.5,0.81253785
1.06329113924051,0.860759493670886,0.5,0.7917502
1.08860759493671,0.860759493670886,0.5,0.7619218
1.11392405063291,0.860759493670886,0.5,0.7240151
1.13924050632911,0.860759493670886,0.5,0.6792279
1.16455696202532,0.860759493670886,0.5,0.62896407
1.18987341772152,0.860759493670886,0.5,0.5747832
1.21518987341772,0.860759493670886,0.5,0.51832664
1.24050632911392,0.860759493670886,0.5,0.46122745
1.26582278481013,0.860759493670886,0.5,0.40501863
1.29113924050633,0.860759493670886,0.5,0.35104656
1.31645569620253,0.860759493670886,0.5,0.30040509
1.34177215189873,0.860759493670886,0.5,0.25389615
1.36708860759494,0.860759493670886,0.5,0.21202257
1.39240506329114,0.860759493670886,0.5,0.17500569
1.41772151898734,0.860759493670886,0.5,0.1428276
1.44303797468354,0.860759493670886,0.5,0.11528292
1.46835443037975,0.860759493670886,0.5,0.09203446
1.49367088607595,0.860759493670886,0.5,0.07266526
1.51898734177215,0.860759493670886,0.5,0.05672076
1.54430379746835,0.860759493670886,0.5,0.04374336
1.56962025316456,0.860759493670886,0.5,0.033295
1.59493670886076,0.860759493670886,0.5,0.024971936
1.62025316455696,0.860759493670886,0.5,0.018413022
1.64556962025316,0.860759493670886,0.5,0.013301436
1.67088607594937,0.860759493670886,0.5,0.0093657
1.69620253164557,0.860759493670886,0.5,0.006375842
1.72151898734177,0.860759493670886,0.5,0.0041400567
1.74683544303797,0.860759493670886,0.5,0.0024996698
1.77215189873418,0.860759493670886,0.5,0.0013254173
1.79746835443038,0.860759493670886,0.5,0.0005123466
1.82278481012658,0.860759493670886,0.5,-0.000024072826
1.84810126582278,0.860759493670886,0.5,-0.00035102665
1.87341772151899,0.860759493670886,0.5,-0.0005216487
1.89873417721519,0.860759493670886,0.5,-0.000578098
1.92405063291139,0.860759493670886,0.5,-0.0005528331
1.94936708860759,0.860759493670886,0.5,-0.00047148392
1.9746835443038,0.860759493670886,0.5,-0.0003535673
2,0.860759493670886,0.5,-0.00021450967
0,0.886075949367089,0.5,0.014939126
0.0253164556962025,0.886075949367089,0.5,0.012981642
0.0506329113924051,0.886075949367089,0.5,0.011080425
0.0759493670886076,0.886075949367089,0.5,0.009265218
0.10126582278481,0.886075949367089,0.5,0.007572908
0.126582278481013,0.886075949367089,0.5,0.0060492717
0.151898734177215,0.886075949367089,0.5,0.004749518
0.177215189873418,0.886075949367089,0.5,0.0037409328
0.20253164556962,0.886075949367089,0.5,0.0031033196
0.227848101265823,0.886075949367089,0.5,0.002932053
0.253164556962025,0.886075949367089,0.5,0.00333995
0.278481012658228,0.886075949367089,0.5,0.0044587664
0.30379746835443,0.886075949367089,0.5,0.0064413063
0.329113924050633,0.886075949367089,0.5,0.009464655
0.354430379746835,0.886075949367089,0.5,0.013731416
0.379746835443038,0.886075949367089,0.5,0.019472081
0.405063291139241,0.886075949367089,0.5,0.026945654
0.430379746835443,0.886075949367089,0.5,0.03644153
0.455696202531646,0.886075949367089,0.5,0.048278537
0.481012658227848,0.886075949367089,0.5,0.06280306
0.506329113924051,0.886075949367089,0.5,0.08038539
0.531645569620253,0.886075949367089,0.5,0.10141197
0.556962025316456,0.886075949367089,0.5,0.12627308
0.582278481012658,0.886075949367089,0.5,0.15534548
0.607594936708861,0.886075949367089,0.5,0.188967
0.632911392405063,0.886075949367089,0.5,0.22740026
0.658227848101266,0.886075949367089,0.5,0.2707881
0.683544303797468,0.886075949367089,0.5,0.31909266
0.708860759493671,0.886075949367089,0.5,0.37203
0.734177215189873,0.886075949367089,0.5,0.42899546
0.759493670886076,0.886075949367089,0.5,0.4890023
0.784810126582278,0.886075949367089,0.5,0.5506518
0.810126582278481,0.886075949367089,0.5,0.61216396
0.835443037974684,0.886075949367089,0.5,0.6714862
0.860759493670886,0.886075949367089,0.5,0.72647405
0.886075949367089,0.886075949367089,0.5,0.7750996
0.911392405063291,0.886075949367089,0.5,0.8156317
0.936708860759494,0.886075949367089,0.5,0.8467473
0.962025316455696,0.886075949367089,0.5,0.86755794
0.987341772151899,0.886075949367089,0.5,0.8775823
1.0126582278481,0.886075949367089,0.5,0.8766952
1.0379746835443,0.886075949367089,0.5,0.86507714
1.06329113924051,0.886075949367089,0.5,0.8431834
1.08860759493671,0.886075949367089,0.5,0.8117308
1.11392405063291,0.886075949367089,0.5,0.7716914
1.13924050632911,0.886075949367089,0.5,0.7242894
1.16455696202532,0.886075949367089,0.5,0.67097735
1.18987341772152,0.886075949367089,0.5,0.6133917
1.21518987341772,0.886075949367089,0.5,0.5532771
1.24050632911392,0.886075949367089,0.5,0.49239028
1.26582278481013,0.886075949367089,0.5,0.4323937
1.29113924050633,0.886075949367089,0.5,0.37475622
1.31645569620253,0.886075949367089,0.5,0.32067218
1.34177215189873,0.886075949367089,0.5,0.27101657
1.36708860759494,0.886075949367089,0.5,0.22633314
1.39240506329114,0.886075949367089,0.5,0.18685718
1.41772151898734,0.886075949367089,0.5,0.15256189
1.44303797468354,0.886075949367089,0.5,0.12321851
1.46835443037975,0.886075949367089,0.5,0.098457724
1.49367088607595,0.886075949367089,0.5,0.07782728
1.51898734177215,0.886075949367089,0.5,0.06083832
1.54430379746835,0.886075949367089,0.5,0.047000784
1.56962025316456,0.886075949367089,0.5,0.035847783
1.59493670886076,0.886075949367089,0.5,0.026950352
1.62025316455696,0.886075949367089,0.5,0.019925617
1.64556962025316,0.886075949367089,0.5,0.014439322
1.67088607594937,0.886075949367089,0.5,0.010204356
1.69620253164557,0.886075949367089,0.5,0.0069780536
1.72151898734177,0.886075949367089,0.5,0.004557833
1.74683544303797,0.886075949367089,0.5,0.002776023
1.77215189873418,0.886075949367089,0.5,0.001495719
1.79746835443038,0.886075949367089,0.5,0.0006055087
1.82278481012658,0.886075949367089,0.5,0.000015717
1.84810126582278,0.886075949367089,0.5,-0.00034569576
1.87341772151899,0.886075949367089,0.5,-0.00053537637
1.89873417721519,0.886075949367089,0.5,-0.0005992241
1.92405063291139,0.886075949367089,0.5,-0.0005724877
1.94936708860759,0.886075949367089,0.5,-0.00048281997
1.9746835443038,0.886075949367089,0.5,-0.000352256
2,0.886075949367089,0.5,-0.00019742176
0,0.911392405063291,0.5,0.017094951
0.0253164556962025,0.911392405063291,0.5,0.015154395
0.0506329113924051,0.911392405063291,0.5,0.013262559
0.0759493670886076,0.911392405063291,0.5,0.0114486255
0.10126582278481,0.911392405063291,0.5,0.009749692
0.126582278481013,0.911392405063291,0.5,0.008211579
0.151898734177215,0.911392405063291,0.5,0.006889906
0.177215189873418,0.911392405063291,0.5,0.0058526658
0.20253164556962,0.911392405063291,0.5,0.005181607
0.227848101265823,0.911392405063291,0.5,0.0049750917
0.253164556962025,0.911392405063291,0.5,0.0053485967
0.278481012658228,0.911392405063291,0.5,0.006439533
0.30379746835443,0.911392405063291,0.5,0.008407887
0.329113924050633,0.911392405063291,0.5,0.011439968
0.354430379746835,0.911392405063291,0.5,0.015749905
0.379746835443038,0.911392405063291,0.5,0.02158318
0.405063291139241,0.911392405063291,0.5,0.029216971
0.430379746835443,0.911392405063291,0.5,0.03896298
0.455696202531646,0.911392405063291,0.5,0.051165756
0.481012658227848,0.911392405063291,0.5,0.0662016
0.506329113924051,0.911392405063291,0.5,0.08447403
0.531645569620253,0.911392405063291,0.5,0.10640457
0.556962025316456,0.911392405063291,0.5,0.13242048
0.582278481012658,0.911392405063291,0.5,0.16293295
0.607594936708861,0.911392405063291,0.5,0.19830902
0.632911392405063,0.911392405063291,0.5,0.2388316
0.658227848101266,0.911392405063291,0.5,0.28464723
0.683544303797468,0.911392405063291,0.5,0.33570182
0.708860759493671,0.911392405063291,0.5,0.39166737
0.734177215189873,0.911392405063291,0.5,0.45186508
0.759493670886076,0.911392405063291,0.5,0.51520497
0.784810126582278,0.911392405063291,0.5,0.58016384
0.810126582278481,0.911392405063291,0.5,0.64483076
0.835443037974684,0.911392405063291,0.5,0.7070349
0.860759493670886,0.911392405063291,0.5,0.7645424
0.886075949367089,0.911392405063291,0.5,0.8152729
0.911392405063291,0.911392405063291,0.5,0.8574761
0.936708860759494,0.911392405063291,0.5,0.88983095
0.962025316455696,0.911392405063291,0.5,0.9114615
0.987341772151899,0.911392405063291,0.5,0.92189807
1.0126582278481,0.911392405063291,0.5,0.9210203
1.0379746835443,0.911392405063291,0.5,0.9090064
1.06329113924051,0.911392405063291,0.5,0.8863017
1.08860759493671,0.911392405063291,0.5,0.8536116
1.11392405063291,0.911392405063291,0.5,0.8119024
1.13924050632911,0.911392405063291,0.5,0.7624059
1.16455696202532,0.911392405063291,0.5,0.7066065
1.18987341772152,0.911392405063291,0.5,0.64620006
1.21518987341772,0.911392405063291,0.5,0.5830207
1.24050632911392,0.911392405063291,0.5,0.51893485
1.26582278481013,0.911392405063291,0.5,0.4557248
1.29113924050633,0.911392405063291,0.5,0.3949709
1.31645569620253,0.911392405063291,0.5,0.33796075
1.34177215189873,0.911392405063291,0.5,0.28563395
1.36708860759494,0.911392405063291,0.5,0.23856972
1.39240506329114,0.911392405063291,0.5,0.19701257
1.41772151898734,0.911392405063291,0.5,0.1609257
1.44303797468354,0.911392405063291,0.5,0.13005804
1.46835443037975,0.911392405063291,0.5,0.10401149
1.49367088607595,0.911392405063291,0.5,0.08230353
1.51898734177215,0.911392405063291,0.5,0.06441619
1.54430379746835,0.911392405063291,0.5,0.049832974
1.56962025316456,0.911392405063291,0.5,0.038064204
1.59493670886076,0.911392405063291,0.5,0.028660733
1.62025316455696,0.911392405063291,0.5,0.021223247
1.64556962025316,0.911392405063291,0.5,0.0154026
1.67088607594937,0.911392405063291,0.5,0.010899533
1.69620253164557,0.911392405063291,0.5,0.007460814
1.72151898734177,0.911392405063291,0.5,0.004875172
1.74683544303797,0.911392405063291,0.5,0.0029672235
1.77215189873418,0.911392405063291,0.5,0.0015933067
1.79746835443038,0.911392405063291,0.5,0.00063634664
1.82278481012658,0.911392405063291,0.5,0.0000016577542
1.84810126582278,0.911392405063291,0.5,-0.00038668513
1.87341772151899,0.911392405063291,0.5,-0.0005897097
1.89873417721519,0.911392405063291,0.5,-0.000655815
1.92405063291139,0.911392405063291,0.5,-0.00062325597
1.94936708860759,0.911392405063291,0.5,-0.0005220622
1.9746835443038,0.911392405063291,0.5,-0.00037610903
2,0.911392405063291,0.5,-0.00020397827
0,0.936708860759494,0.5,0.018320236
0.0253164556962025,0.936708860759494,0.5,0.016373139
0.0506329113924051,0.936708860759494,0.5,0.014469173
0.0759493670886076,0.936708860759494,0.5,0.012637686
0.10126582278481,0.936708860759494,0.5,0.0109160505
0.126582278481013,0.936708860759494,0.5,0.009350028
0.151898734177215,0.936708860759494,0.5,0.00799631
0.177215189873418,0.936708860759494,0.5,0.0069235526
0.20253164556962,0.936708860759494,0.5,0.0062156506
0.227848101265823,0.936708860759494,0.5,0.0059725232
0.253164556962025,0.936708860759494,0.5,0.006313298
0.278481012658228,0.936708860759494,0.5,0.0073795877
0.30379746835443,0.936708860759494,0.5,0.009337451
0.329113924050633,0.936708860759494,0.5,0.012380112
0.354430379746835,0.936708860759494,0.5,0.016731877
0.379746835443038,0.936708860759494,0.5,0.022650022
0.405063291139241,0.936708860759494,0.5,0.03042708
0.430379746835443,0.936708860759494,0.5,0.040392067
0.455696202531646,0.936708860759494,0.5,0.052911054
0.481012658227848,0.936708860759494,0.5,0.068384334
0.506329113924051,0.936708860759494,0.5,0.08724198
0.531645569620253,0.936708860759494,0.5,0.10993445
0.556962025316456,0.936708860759494,0.5,0.13691731
0.582278481012658,0.936708860759494,0.5,0.16862896
0.607594936708861,0.936708860759494,0.5,0.20545842
0.632911392405063,0.936708860759494,0.5,0.2477011
0.658227848101266,0.936708860759494,0.5,0.29550236
0.683544303797468,0.936708860759494,0.5,0.3487878
0.708860759493671,0.936708860759494,0.5,0.4071862
0.734177215189873,0.936708860759494,0.5,0.4699497
0.759493670886076,0.936708860759494,0.5,0.53589725
0.784810126582278,0.936708860759494,0.5,0.60340166
0.810126582278481,0.936708860759494,0.5,0.67045003
0.835443037974684,0.936708860759494,0.5,0.7347878
0.860759493670886,0.936708860759494,0.5,0.79412943
0.886075949367089,0.936708860759494,0.5,0.84637463
0.911392405063291,0.936708860759494,0.5,0.88977885
0.936708860759494,0.936708860759494,0.5,0.923039
0.962025316455696,0.936708860759494,0.5,0.9452958
0.987341772151899,0.936708860759494,0.5,0.95609
1.0126582278481,0.936708860759494,0.5,0.9552981
1.0379746835443,0.936708860759494,0.5,0.9430845
1.06329113924051,0.936708860759494,0.5,0.9198716
1.08860759493671,0.936708860759494,0.5,0.88633925
1.11392405063291,0.936708860759494,0.5,0.84343326
1.13924050632911,0.936708860759494,0.5,0.7923797
1.16455696202532,0.936708860759494,0.5,0.73468035
1.18987341772152,0.936708860759494,0.5,0.672078
1.21518987341772,0.936708860759494,0.5,0.60648227
1.24050632911392,0.936708860759494,0.5,0.5398573
1.26582278481013,0.936708860759494,0.5,0.47409105
1.29113924050633,0.936708860759494,0.5,0.41086286
1.31645569620253,0.936708860759494,0.5,0.3515395
1.34177215189873,0.936708860759494,0.5,0.29711327
1.36708860759494,0.936708860759494,0.5,0.24818875
1.39240506329114,0.936708860759494,0.5,0.20501322
1.41772151898734,0.936708860759494,0.5,0.1675365
1.44303797468354,0.936708860759494,0.5,0.13548498
1.46835443037975,0.936708860759494,0.5,0.10843611
1.49367088607595,0.936708860759494,0.5,0.0858819
1.51898734177215,0.936708860759494,0.5,0.06728217
1.54430379746835,0.936708860759494,0.5,0.052101213
1.56962025316456,0.936708860759494,0.5,0.039832707
1.59493670886076,0.936708860759494,0.5,0.030014053
1.62025316455696,0.936708860759494,0.5,0.02223394
1.64556962025316,0.936708860759494,0.5,0.016133666
1.67088607594937,0.936708860759494,0.5,0.0114052035
1.69620253164557,0.936708860759494,0.5,0.0077879056
1.72151898734177,0.936708860759494,0.5,0.0050633736
1.74683544303797,0.936708860759494,0.5,0.0030502789
1.77215189873418,0.936708860759494,0.5,0.0015999936
1.79746835443038,0.936708860759494,0.5,0.0005902499
1.82278481012658,0.936708860759494,0.5,-0.0000776425
1.84810126582278,0.936708860759494,0.5,-0.00048378855
1.87341772151899,0.936708860759494,0.5,-0.00069226325
1.89873417721519,0.936708860759494,0.5,-0.0007543005
1.92405063291139,0.936708860759494,0.5,-0.00071083754
1.94936708860759,0.936708860759494,0.5,-0.00059411675
1.9746835443038,0.936708860759494,0.5,-0.00042997673
2,0.936708860759494,0.5,-0.00023823604
0,0.962025316455696,0.5,0.018609118
0.0253164556962025,0.962025316455696,0.5,0.016633283
0.0506329113924051,0.962025316455696,0.5,0.01469731
0.0759493670886076,0.962025316455696,0.5,0.012830783
0.10126582278481,0.962025316455696,0.5,0.01107135
0.126582278481013,0.962025316455696,0.5,0.009465624
0.151898734177215,0.962025316455696,0.5,0.00807092
0.177215189873418,0.962025316455696,0.5,0.006957475
0.20253164556962,0.962025316455696,0.5,0.0062101893
0.227848101265823,0.962025316455696,0.5,0.005931068
0.253164556962025,0.962025316455696,0.5,0.0062420554
0.278481012658228,0.962025316455696,0.5,0.007287916
0.30379746835443,0.962025316455696,0.5,0.009239104
0.329113924050633,0.962025316455696,0.5,0.012295041
0.354430379746835,0.962025316455696,0.5,0.016686913
0.379746835443038,0.962025316455696,0.5,0.022680987
0.405063291139241,0.962025316455696,0.5,0.030580703
0.430379746835443,0.962025316455696,0.5,0.04072852
0.455696202531646,0.962025316455696,0.5,0.053505
0.481012658227848,0.962025316455696,0.5,0.069328755
0.506329113924051,0.962025316455696,0.5,0.08864854
0.531645569620253,0.962025316455696,0.5,0.111934766
0.556962025316456,0.962025316455696,0.5,0.13966306
0.582278481012658,0.962025316455696,0.5,0.17228957
0.607594936708861,0.962025316455696,0.5,0.21021612
0.632911392405063,0.962025316455696,0.5,0.25374365
0.658227848101266,0.962025316455696,0.5,0.30301112
0.683544303797468,0.962025316455696,0.5,0.3579222
0.708860759493671,0.962025316455696,0.5,0.4180652
0.734177215189873,0.962025316455696,0.5,0.4826339
0.759493670886076,0.962025316455696,0.5,0.55037403
0.784810126582278,0.962025316455696,0.5,0.6195812
0.810126582278481,0.962025316455696,0.5,0.6881744
0.835443037974684,0.962025316455696,0.5,0.75385404
0.860759493670886,0.962025316455696,0.5,0.8143186
0.886075949367089,0.962025316455696,0.5,0.86747795
0.911392405063291,0.962025316455696,0.5,0.9116135
0.936708860759494,0.962025316455696,0.5,0.945449
0.962025316455696,0.962025316455696,0.5,0.9681446
0.987341772151899,0.962025316455696,0.5,0.9792439
1.0126582278481,0.962025316455696,0.5,0.97861236
1.0379746835443,0.962025316455696,0.5,0.966388
1.06329113924051,0.962025316455696,0.5,0.94295925
1.08860759493671,0.962025316455696,0.5,0.9089691
1.11392405063291,0.962025316455696,0.5,0.86533177
1.13924050632911,0.962025316455696,0.5,0.8132582
1.16455696202532,0.962025316455696,0.5,0.7542579
1.18987341772152,0.962025316455696,0.5,0.6901102
1.21518987341772,0.962025316455696,0.5,0.6227889
1.24050632911392,0.962025316455696,0.5,0.5543408
1.26582278481013,0.962025316455696,0.5,0.48674345
1.29113924050633,0.962025316455696,0.5,0.4217582
1.31645569620253,0.962025316455696,0.5,0.36081272
1.34177215189873,0.962025316455696,0.5,0.30493572
1.36708860759494,0.962025316455696,0.5,0.25474384
1.39240506329114,0.962025316455696,0.5,0.21047832
1.41772151898734,0.962025316455696,0.5,0.17207198
1.44303797468354,0.962025316455696,0.5,0.13922955
1.46835443037975,0.962025316455696,0.5,0.11150655
1.49367088607595,0.962025316455696,0.5,0.08837667
1.51898734177215,0.962025316455696,0.5,0.069284335
1.54430379746835,0.962025316455696,0.5,0.053681955
1.56962025316456,0.962025316455696,0.5,0.04105424
1.59493670886076,0.962025316455696,0.5,0.030931536
1.62025316455696,0.962025316455696,0.5,0.022896662
1.64556962025316,0.962025316455696,0.5,0.016585682
1.67088607594937,0.962025316455696,0.5,0.011685859
1.69620253164557,0.962025316455696,0.5,0.007932488
1.72151898734177,0.962025316455696,0.5,0.0051029213
1.74683544303797,0.962025316455696,0.5,0.0030118749
1.77215189873418,0.962025316455696,0.5,0.0015065372
1.79746835443038,0.962025316455696,0.5,0.0004613176
1.82278481012658,0.962025316455696,0.5,-0.00022602081
1.84810126582278,0.962025316455696,0.5,-0.00063885003
1.87341772151899,0.962025316455696,0.5,-0.00084367394
1.89873417721519,0.962025316455696,0.5,-0.00089472905
1.92405063291139,0.962025316455696,0.5,-0.00083510205
1.94936708860759,0.962025316455696,0.5,-0.0006987527
1.9746835443038,0.962025316455696,0.5,-0.00051315874
2,0.962025316455696,0.5,-0.00029970706
0,0.987341772151899,0.5,0.017986324
0.0253164556962025,0.987341772151899,0.5,0.015963476
0.0506329113924051,0.987341772151899,0.5,0.013979163
0.0759493670886076,0.987341772151899,0.5,0.012064081
0.10126582278481,0.987341772151899,0.5,0.010256287
0.126582278481013,0.987341772151899,0.5,0.008603301
0.151898734177215,0.987341772151899,0.5,0.0071636103
0.177215189873418,0.987341772151899,0.5,0.006008301
0.20253164556962,0.987341772151899,0.5,0.005223457
0.227848101265823,0.987341772151899,0.5,0.0049129687
0.253164556962025,0.987341772151899,0.5,0.0052007698
0.278481012658228,0.987341772151899,0.5,0.0062341727
0.30379746835443,0.987341772151899,0.5,0.008186158
0.329113924050633,0.987341772151899,0.5,0.011260014
0.354430379746835,0.987341772151899,0.5,0.01569159
0.379746835443038,0.987341772151899,0.5,0.021752644
0.405063291139241,0.987341772151899,0.5,0.029753055
0.430379746835443,0.987341772151899,0.5,0.040042732
0.455696202531646,0.987341772151899,0.5,0.053011637
0.481012658227848,0.987341772151899,0.5,0.06908728
0.506329113924051,0.987341772151899,0.5,0.08872922
0.531645569620253,0.987341772151899,0.5,0.11241816
0.556962025316456,0.987341772151899,0.5,0.14063968
0.582278481012658,0.987341772151899,0.5,0.17385697
0.607594936708861,0.987341772151899,0.5,0.21247625
0.632911392405063,0.987341772151899,0.5,0.25679657
0.658227848101266,0.987341772151899,0.5,0.30694568
0.683544303797468,0.987341772151899,0.5,0.3628065
0.708860759493671,0.987341772151899,0.5,0.4239339
0.734177215189873,0.987341772151899,0.5,0.48947746
0.759493670886076,0.987341772151899,0.5,0.5581331
0.784810126582278,0.987341772151899,0.5,0.6281504
0.810126582278481,0.987341772151899,0.5,0.69741786
0.835443037974684,0.987341772151899,0.5,0.763629
0.860759493670886,0.987341772151899,0.5,0.8245003
0.886075949367089,0.987341772151899,0.5,0.8779779
0.911392405063291,0.987341772151899,0.5,0.9223823
0.936708860759494,0.987341772151899,0.5,0.95646995
0.962025316455696,0.987341772151899,0.5,0.97941625
0.987341772151899,0.987341772151899,0.5,0.9907615
1.0126582278481,0.987341772151899,0.5,0.99035
1.0379746835443,0.987341772151899,0.5,0.9782842
1.06329113924051,0.987341772151899,0.5,0.9549096
1.08860759493671,0.987341772151899,0.5,0.9208236
1.11392405063291,0.987341772151899,0.5,0.8769039
1.13924050632911,0.987341772151899,0.5,0.82434016
1.16455696202532,0.987341772151899,0.5,0.7646441
1.18987341772152,0.987341772151899,0.5,0.69962287
1.21518987341772,0.987341772151899,0.5,0.6313022
1.24050632911392,0.987341772151899,0.5,0.561796
1.26582278481013,0.987341772151899,0.5,0.4931514
1.29113924050633,0.987341772151899,0.5,0.42718732
1.31645569620253,0.987341772151899,0.5,0.36537072
1.34177215189873,0.987341772151899,0.5,0.30874664
1.36708860759494,0.987341772151899,0.5,0.2579297
1.39240506329114,0.987341772151899,0.5,0.21314582
1.41772151898734,0.987341772151899,0.5,0.1743074
1.44303797468354,0.987341772151899,0.5,0.14109938
1.46835443037975,0.987341772151899,0.5,0.11306022
1.49367088607595,0.987341772151899,0.5,0.089651436
1.51898734177215,0.987341772151899,0.5,0.07031022
1.54430379746835,0.987341772151899,0.5,0.054484364
1.56962025316456,0.987341772151899,0.5,0.041656803
1.59493670886076,0.987341772151899,0.5,0.031357586
1.62025316455696,0.987341772151899,0.5,0.023169618
1.64556962025316,0.987341772151899,0.5,0.016728666
1.67088607594937,0.987341772151899,0.5,0.011721812
1.69620253164557,0.987341772151899,0.5,0.007883199
1.72151898734177,0.987341772151899,0.5,0.0049886107
1.74683544303797,0.987341772151899,0.5,0.002851162
1.77215189873418,0.987341772151899,0.5,0.0013155937
1.79746835443038,0.987341772151899,0.5,0.0002544634
1.82278481012658,0.987341772151899,0.5,-0.00043714046
1.84810126582278,0.987341772151899,0.5,-0.00084452704
1.87341772151899,0.987341772151899,0.5,-0.0010369159
1.89873417721519,0.987341772151899,0.5,-0.0010700449
1.92405063291139,0.987341772151899,0.5,-0.0009886734
1.94936708860759,0.987341772151899,0.5,-0.00082913414
1.9746835443038,0.987341772151899,0.5,-0.0006196834
2,0.987341772151899,0.5,-0.00038310885
0,1.0126582278481,0.5,0.016503494
0.0253164556962025,1.0126582278481,0.5,0.014420714
0.0506329113924051,1.0126582278481,0.5,0.012378197
0.0759493670886076,1.0126582278481,0.5,0.010406915
0.10126582278481,1.0126582278481,0.5,0.008546326
0.126582278481013,1.0126582278481,0.5,0.0068450905
0.151898734177215,1.0126582278481,0.5,0.0053622313
0.177215189873418,1.0126582278481,0.5,0.004170198
0.20253164556962,1.0126582278481,0.5,0.0033563264
0.227848101265823,1.0126582278481,0.5,0.0030253269
0.253164556962025,1.0126582278481,0.5,0.0033026598
0.278481012658228,1.0126582278481,0.5,0.004336212
0.30379746835443,1.0126582278481,0.5,0.006301295
0.329113924050633,1.0126582278481,0.5,0.009402197
0.354430379746835,1.0126582278481,0.5,0.013876069
0.379746835443038,1.0126582278481,0.5,0.01999661
0.405063291139241,1.0126582278481,0.5,0.028075095
0.430379746835443,1.0126582278481,0.5,0.038463276
0.455696202531646,1.0126582278481,0.5,0.051552642
0.481012658227848,1.0126582278481,0.5,0.06777169
0.506329113924051,1.0126582278481,0.5,0.0875811
0.531645569620253,1.0126582278481,0.5,0.111461505
0.556962025316456,1.0126582278481,0.5,0.13989688
0.582278481012658,1.0126582278481,0.5,0.17334874
0.607594936708861,1.0126582278481,0.5,0.2122173
0.632911392405063,1.0126582278481,0.5,0.25679287
0.658227848101266,1.0126582278481,0.5,0.30719072
0.683544303797468,1.0126582278481,0.5,0.36327487
0.708860759493671,1.0126582278481,0.5,0.4245771
0.734177215189873,1.0126582278481,0.5,0.49022162
0.759493670886076,1.0126582278481,0.5,0.5588818
0.784810126582278,1.0126582278481,0.5,0.6287959
0.810126582278481,1.0126582278481,0.5,0.6978591
0.835443037974684,1.0126582278481,0.5,0.76379555
0.860759493670886,1.0126582278481,0.5,0.8243697
0.886075949367089,1.0126582278481,0.5,0.87758255
0.911392405063291,1.0126582278481,0.5,0.9218042
0.936708860759494,1.0126582278481,0.5,0.95582354
0.962025316455696,1.0126582278481,0.5,0.97882706
0.987341772151899,1.0126582278481,0.5,0.99034435
1.0126582278481,1.0126582278481,0.5,0.9901896
1.0379746835443,1.0126582278481,0.5,0.9784236
1.06329113924051,1.0126582278481,0.5,0.95534253
1.08860759493671,1.0126582278481,0.5,0.9214961
1.11392405063291,1.0126582278481,0.5,0.8777239
1.13924050632911,1.0126582278481,0.5,0.8251919
1.16455696202532,1.0126582278481,0.5,0.7654112
1.18987341772152,1.0126582278481,0.5,0.7002094
1.21518987341772,1.0126582278481,0.5,0.63165087
1.24050632911392,1.0126582278481,0.5,0.5618959
1.26582278481013,1.0126582278481,0.5,0.49303472
1.29113924050633,1.0126582278481,0.5,0.42691654
1.31645569620253,1.0126582278481,0.5,0.3650205
1.34177215189873,1.0126582278481,0.5,0.3083866
1.36708860759494,1.0126582278481,0.5,0.25761196
1.39240506329114,1.0126582278481,0.5,0.21289985
1.41772151898734,1.0126582278481,0.5,0.1741418
1.44303797468354,1.0126582278481,0.5,0.14100526
1.46835443037975,1.0126582278481,0.5,0.11301878
1.49367088607595,1.0126582278481,0.5,0.08963911
1.51898734177215,1.0126582278481,0.5,0.07030335
1.54430379746835,1.0126582278481,0.5,0.054463126
1.56962025316456,1.0126582278481,0.5,0.041606426
1.59493670886076,1.0126582278481,0.5,0.031269245
1.62025316455696,1.0126582278481,0.5,0.023039397
1.64556962025316,1.0126582278481,0.5,0.01655779
1.67088607594937,1.0126582278481,0.5,0.011514708
1.69620253164557,1.0126582278481,0.5,0.0076469257
1.72151898734177,1.0126582278481,0.5,0.004731294
1.74683544303797,1.0126582278481,0.5,0.002581615
1.77215189873418,1.0126582278481,0.5,0.0010425225
1.79746835443038,1.0126582278481,0.5,-0.000014275312
1.82278481012658,1.0126582278481,0.5,-0.0006948672
1.84810126582278,1.0126582278481,0.5,-0.0010854639
1.87341772151899,1.0126582278481,0.5,-0.0012568757
1.89873417721519,1.0126582278481,0.5,-0.0012663491
1.92405063291139,1.0126582278481,0.5,-0.0011599623
1.94936708860759,1.0126582278481,0.5,-0.0009746514
1.9746835443038,1.0126582278481,0.5,-0.0007403679
2,1.0126582278481,0.5,-0.0004801564
0,1.0379746835443,0.5,0.014233317
0.0253164556962025,1.0379746835443,0.5,0.012084838
0.0506329113924051,1.0379746835443,0.5,0.00998072
0.0759493670886076,1.0379746835443,0.5,0.007953454
0.10126582278481,1.0379746835443,0.5,0.00604346
0.126582278481013,1.0379746835443,0.5,0.0043001957
0.151898734177215,1.0379746835443,0.5,0.0027840622
0.177215189873418,1.0379746835443,0.5,0.0015681423
0.20253164556962,1.0379746835443,0.5,0.0007408671
0.227848101265823,1.0379746835443,0.5,0.0004076399
0.253164556962025,1.0379746835443,0.5,0.0006935261
0.278481012658228,1.0379746835443,0.5,0.001747299
0.30379746835443,1.0379746835443,0.5,0.003743168
0.329113924050633,1.0379746835443,0.5,0.006884668
0.354430379746835,1.0379746835443,0.5,0.011407193
0.379746835443038,1.0379746835443,0.5,0.017581787
0.405063291139241,1.0379746835443,0.5,0.025715854
0.430379746835443,1.0379746835443,0.5,0.036156673
0.455696202531646,1.0379746835443,0.5,0.049289335
0.481012658227848,1.0379746835443,0.5,0.06553489
0.506329113924051,1.0379746835443,0.5,0.08534446
0.531645569620253,1.0379746835443,0.5,0.10918854
0.556962025316456,1.0379746835443,0.5,0.137539
0.582278481012658,1.0379746835443,0.5,0.17084423
0.607594936708861,1.0379746835443,0.5,0.20949106
0.632911392405063,1.0379746835443,0.5,0.25375554
0.658227848101266,1.0379746835443,0.5,0.3037391
0.683544303797468,1.0379746835443,0.5,0.35929313
0.708860759493671,1.0379746835443,0.5,0.4199393
0.734177215189873,1.0379746835443,0.5,0.4847974
0.759493670886076,1.0379746835443,0.5,0.552548
0.784810126582278,1.0379746835443,0.5,0.6214528
0.810126582278481,1.0379746835443,0.5,0.68945134
0.835443037974684,1.0379746835443,0.5,0.7543304
0.860759493670886,1.0379746835443,0.5,0.8139273
0.886075949367089,1.0379746835443,0.5,0.8663131
0.911392405063291,1.0379746835443,0.5,0.9099127
0.936708860759494,1.0379746835443,0.5,0.9435452
0.962025316455696,1.0379746835443,0.5,0.966403
0.987341772151899,1.0379746835443,0.5,0.9779979
1.0126582278481,1.0379746835443,0.5,0.97810966
1.0379746835443,1.0379746835443,0.5,0.9667525
1.06329113924051,1.0379746835443,0.5,0.9441729
1.08860759493671,1.0379746835443,0.5,0.9108748
1.11392405063291,1.0379746835443,0.5,0.86766106
1.13924050632911,1.0379746835443,0.5,0.8156778
1.16455696202532,1.0379746835443,0.5,0.75643224
1.18987341772152,1.0379746835443,0.5,0.6917645
1.21518987341772,1.0379746835443,0.5,0.6237597
1.24050632911392,1.0379746835443,0.5,0.55459994
1.26582278481013,1.0379746835443,0.5,0.48638678
1.29113924050633,1.0379746835443,0.5,0.42096677
1.31645569620253,1.0379746835443,0.5,0.35980144
1.34177215189873,1.0379746835443,0.5,0.30390286
1.36708860759494,1.0379746835443,0.5,0.25383785
1.39240506329114,1.0379746835443,0.5,0.2097827
1.41772151898734,1.0379746835443,0.5,0.17160866
1.44303797468354,1.0379746835443,0.5,0.13897268
1.46835443037975,1.0379746835443,0.5,0.111400366
1.49367088607595,1.0379746835443,0.5,0.088352665
1.51898734177215,1.0379746835443,0.5,0.069274694
1.54430379746835,1.0379746835443,0.5,0.053629402
1.56962025316456,1.0379746835443,0.5,0.040915914
1.59493670886076,1.0379746835443,0.5,0.03068148
1.62025316455696,1.0379746835443,0.5,0.022524506
1.64556962025316,1.0379746835443,0.5,0.016094003
1.67088607594937,1.0379746835443,0.5,0.011088248
1.69620253164557,1.0379746835443,0.5,0.0072487146
1.72151898734177,1.0379746835443,0.5,0.0043571815
1.74683544303797,1.0379746835443,0.5,0.002229903
1.77215189873418,1.0379746835443,0.5,0.0007132739
1.79746835443038,1.0379746835443,0.5,-0.00032004341
1.82278481012658,1.0379746835443,0.5,-0.0009755939
1.84810126582278,1.0379746835443,0.5,-0.0013400838
1.87341772151899,1.0379746835443,0.5,-0.0014844872
1.89873417721519,1.0379746835443,0.5,-0.0014666095
1.92405063291139,1.0379746835443,0.5,-0.0013332143
1.94936708860759,1.0379746835443,0.5,-0.0011219457
1.9746835443038,1.0379746835443,0.5,-0.0008629486
2,1.0379746835443,0.5,-0.0005802326
0,1.06329113924051,0.5,0.011264432
0.0253164556962025,1.06329113924051,0.5,0.009052042
0.0506329113924051,1.06329113924051,0.5,0.0068912096
0.0759493670886076,1.06329113924051,0.5,0.004815843
0.10126582278481,1.06329113924051,0.5,0.0028674863
0.126582278481013,1.06329113924051,0.5,0.0010967962
0.151898734177215,1.06329113924051,0.5,-0.00043463334
0.177215189873418,1.06329113924051,0.5,-0.0016532727
0.20253164556962,1.06329113924051,0.5,-0.002470445
0.227848101265823,1.06329113924051,0.5,-0.0027806796
0.253164556962025,1.06329113924051,0.5,-0.0024591722
0.278481012658228,1.06329113924051,0.5,-0.001359377
0.30379746835443,1.06329113924051,0.5,0.0006910749
0.329113924050633,1.06329113924051,0.5,0.0038913526
0.354430379746835,1.06329113924051,0.5,0.008472126
0.379746835443038,1.06329113924051,0.5,0.014696743
0.405063291139241,1.06329113924051,0.5,0.022864241
0.430379746835443,1.06329113924051,0.5,0.03330939
0.455696202531646,1.06329113924051,0.5,0.04640353
0.481012658227848,1.06329113924051,0.5,0.0625515
0.506329113924051,1.06329113924051,0.5,0.082184836
0.531645569620253,1.06329113924051,0.5,0.10575315
0.556962025316456,1.06329113924051,0.5,0.13370655
0.582278481012658,1.06329113924051,0.5,0.1664711
0.607594936708861,1.06329113924051,0.5,0.20441258
0.632911392405063,1.06329113924051,0.5,0.24778983
0.658227848101266,1.06329113924051,0.5,0.29669133
0.683544303797468,1.06329113924051,0.5,0.3509634
0.708860759493671,1.06329113924051,0.5,0.41013208
0.734177215189873,1.06329113924051,0.5,0.47333613
0.759493670886076,1.06329113924051,0.5,0.539292
0.784810126582278,1.06329113924051,0.5,0.6063191
0.810126582278481,1.06329113924051,0.5,0.6724342
0.835443037974684,1.06329113924051,0.5,0.73551506
0.860759493670886,1.06329113924051,0.5,0.7934917
0.886075949367089,1.06329113924051,0.5,0.8445153
0.911392405063291,1.06329113924051,0.5,0.88706774
0.936708860759494,1.06329113924051,0.5,0.9199969
0.962025316455696,1.06329113924051,0.5,0.94249535
0.987341772151899,1.06329113924051,0.5,0.9540532
1.0126582278481,1.06329113924051,0.5,0.9544128
1.0379746835443,1.06329113924051,0.5,0.9435426
1.06329113924051,1.06329113924051,0.5,0.92164326
1.08860759493671,1.06329113924051,0.5,0.88917816
1.11392405063291,1.06329113924051,0.5,0.84692025
1.13924050632911,1.06329113924051,0.5,0.7959987
1.16455696202532,1.06329113924051,0.5,0.7379152
1.18987341772152,1.06329113924051,0.5,0.67451173
1.21518987341772,1.06329113924051,0.5,0.60787284
1.24050632911392,1.06329113924051,0.5,0.54016995
1.26582278481013,1.06329113924051,0.5,0.4734803
1.29113924050633,1.06329113924051,0.5,0.40961123
1.31645569620253,1.06329113924051,0.5,0.34997636
1.34177215189873,1.06329113924051,0.5,0.29553998
1.36708860759494,1.06329113924051,0.5,0.24682721
1.39240506329114,1.06329113924051,0.5,0.20398594
1.41772151898734,1.06329113924051,0.5,0.1668713
1.44303797468354,1.06329113924051,0.5,0.13513811
1.46835443037975,1.06329113924051,0.5,0.108318344
1.49367088607595,1.06329113924051,0.5,0.08588629
1.51898734177215,1.06329113924051,0.5,0.06730354
1.54430379746835,1.06329113924051,0.5,0.052050628
1.56962025316456,1.06329113924051,0.5,0.039644167
1.59493670886076,1.06329113924051,0.5,0.029647596
1.62025316455696,1.06329113924051,0.5,0.02167315
1.64556962025316,1.06329113924051,0.5,0.015382968
1.67088607594937,1.06329113924051,0.5,0.010484748
1.69620253164557,1.06329113924051,0.5,0.0067294315
1.72151898734177,1.06329113924051,0.5,0.00390454
1.74683544303797,1.06329113924051,0.5,0.0018316284
1.77215189873418,1.06329113924051,0.5,0.0003610067
1.79746835443038,1.06329113924051,0.5,-0.0006324537
1.82278481012658,1.06329113924051,0.5,-0.0012521707
1.84810126582278,1.06329113924051,0.5,-0.0015839189
1.87341772151899,1.06329113924051,0.5,-0.001697883
1.89873417721519,1.06329113924051,0.5,-0.001651492
1.92405063291139,1.06329113924051,0.5,-0.0014916509
1.94936708860759,1.06329113924051,0.5,-0.0012561977
1.9746835443038,1.06329113924051,0.5,-0.00097519904
2,1.06329113924051,0.5,-0.0006728396
0,1.08860759493671,0.5,0.007695999
0.0253164556962025,1.08860759493671,0.5,0.005428802
0.0506329113924051,1.08860759493671,0.5,0.0032239966
0.0759493670886076,1.08860759493671,0.5,0.0011163168
0.10126582278481,1.08860759493671,0.5,-0.00085105374
0.126582278481013,1.08860759493671,0.5,-0.0026264302
0.151898734177215,1.08860759493671,0.5,-0.0041476376
0.177215189873418,1.08860759493671,0.5,-0.005340282
0.20253164556962,1.08860759493671,0.5,-0.0061161704
0.227848101265823,1.08860759493671,0.5,-0.006370511
0.253164556962025,1.08860759493671,0.5,-0.0059805773
0.278481012658228,1.08860759493671,0.5,-0.0048027597
0.30379746835443,1.08860759493671,0.5,-0.0026697256
0.329113924050633,1.08860759493671,0.5,0.0006114207
0.354430379746835,1.08860759493671,0.5,0.005262058
0.379746835443038,1.08860759493671,0.5,0.011533681
0.405063291139241,1.08860759493671,0.5,0.019710515
0.430379746835443,1.08860759493671,0.5,0.030109253
0.455696202531646,1.08860759493671,0.5,0.04307917
0.481012658227848,1.08860759493671,0.5,0.058999475
0.506329113924051,1.08860759493671,0.5,0.078274354
0.531645569620253,1.08860759493671,0.5,0.101322666
0.556962025316456,1.08860759493671,0.5,0.12856373
0.582278481012658,1.08860759493671,0.5,0.16039377
0.607594936708861,1.08860759493671,0.5,0.19715302
0.632911392405063,1.08860759493671,0.5,0.2390803
0.658227848101266,1.08860759493671,0.5,0.28625506
0.683544303797468,1.08860759493671,0.5,0.33852637
0.708860759493671,1.08860759493671,0.5,0.39544097
0.734177215189873,1.08860759493671,0.5,0.45617774
0.759493670886076,1.08860759493671,0.5,0.51951694
0.784810126582278,1.08860759493671,0.5,0.58386475
0.810126582278481,1.08860759493671,0.5,0.6473437
0.835443037974684,1.08860759493671,0.5,0.70794517
0.860759493670886,1.08860759493671,0.5,0.76370704
0.886075949367089,1.08860759493671,0.5,0.81286806
0.911392405063291,1.08860759493671,0.5,0.8539687
0.936708860759494,1.08860759493671,0.5,0.8858825
0.962025316455696,1.08860759493671,0.5,0.9078001
0.987341772151899,1.08860759493671,0.5,0.919188
1.0126582278481,1.08860759493671,0.5,0.91975266
1.0379746835443,1.08860759493671,0.5,0.9094219
1.06329113924051,1.08860759493671,0.5,0.8883572
1.08860759493671,1.08860759493671,0.5,0.8569907
1.11392405063291,1.08860759493671,0.5,0.8160736
1.13924050632911,1.08860759493671,0.5,0.76672214
1.16455696202532,1.08860759493671,0.5,0.7104291
1.18987341772152,1.08860759493671,0.5,0.6490216
1.21518987341772,1.08860759493671,0.5,0.5845577
1.24050632911392,1.08860759493671,0.5,0.5191631
1.26582278481013,1.08860759493671,0.5,0.45485076
1.29113924050633,1.08860759493671,0.5,0.39335278
1.31645569620253,1.08860759493671,0.5,0.33600682
1.34177215189873,1.08860759493671,0.5,0.28371143
1.36708860759494,1.08860759493671,0.5,0.23694396
1.39240506329114,1.08860759493671,0.5,0.19582401
1.41772151898734,1.08860759493671,0.5,0.16019893
1.44303797468354,1.08860759493671,0.5,0.12972945
1.46835443037975,1.08860759493671,0.5,0.10396467
1.49367088607595,1.08860759493671,0.5,0.08240098
1.51898734177215,1.08860759493671,0.5,0.064524814
1.54430379746835,1.08860759493671,0.5,0.049840607
1.56962025316456,1.08860759493671,0.5,0.0378877
1.59493670886076,1.08860759493671,0.5,0.02824976
1.62025316455696,1.08860759493671,0.5,0.020557199
1.64556962025316,1.08860759493671,0.5,0.014487259
1.67088607594937,1.08860759493671,0.5,0.009760715
1.69620253164557,1.08860759493671,0.5,0.006138388
1.72151898734177,1.08860759493671,0.5,0.0034176037
1.74683544303797,1.08860759493671,0.5,0.0014263764
1.77215189873418,1.08860759493671,0.5,0.000020626932
1.79746835443038,1.08860759493671,0.5,-0.0009204298
1.82278481012658,1.08860759493671,0.5,-0.0014970936
1.84810126582278,1.08860759493671,0.5,-0.0017928071
1.87341772151899,1.08860759493671,0.5,-0.0018760189
1.89873417721519,1.08860759493671,0.5,-0.0018030666
1.92405063291139,1.08860759493671,0.5,-0.0016201995
1.94936708860759,1.08860759493671,0.5,-0.0013645366
1.9746835443038,1.08860759493671,0.5,-0.0010659173
2,1.08860759493671,0.5,-0.000748381
0,1.11392405063291,0.5,0.0036323182
0.0253164556962025,1.11392405063291,0.5,0.0013275556
0.0506329113924051,1.11392405063291,0.5,-0.00090134516
0.0759493670886076,1.11392405063291,0.5,-0.003017705
0.10126582278481,1.11392405063291,0.5,-0.0049773715
0.126582278481013,1.11392405063291,0.5,-0.0067275353
0.151898734177215,1.11392405063291,0.5,-0.008205462
0.177215189873418,1.11392405063291,0.5,-0.009336714
0.20253164556962,1.11392405063291,0.5,-0.010033835
0.227848101265823,1.11392405063291,0.5,-0.010194074
0.253164556962025,1.11392405063291,0.5,-0.009697583
0.278481012658228,1.11392405063291,0.5,-0.008405965
0.30379746835443,1.11392405063291,0.5,-0.0061590634
0.329113924050633,1.11392405063291,0.5,-0.0027736463
0.354430379746835,1.11392405063291,0.5,0.001958441
0.379746835443038,1.11392405063291,0.5,0.00827289
0.405063291139241,1.11392405063291,0.5,0.016432684
0.430379746835443,1.11392405063291,0.5,0.026730146
0.455696202531646,1.11392405063291,0.5,0.03948571
0.481012658227848,1.11392405063291,0.5,0.055045705
0.506329113924051,1.11392405063291,0.5,0.073778324
0.531645569620253,1.11392405063291,0.5,0.09606451
0.556962025316456,1.11392405063291,0.5,0.12228629
0.582278481012658,1.11392405063291,0.5,0.15280496
0.607594936708861,1.11392405063291,0.5,0.18793155
0.632911392405063,1.11392405063291,0.5,0.22788598
0.658227848101266,1.11392405063291,0.5,0.27274168
0.683544303797468,1.11392405063291,0.5,0.32236072
0.708860759493671,1.11392405063291,0.5,0.3763236
0.734177215189873,1.11392405063291,0.5,0.43386966
0.759493670886076,1.11392405063291,0.5,0.49386543
0.784810126582278,1.11392405063291,0.5,0.5548277
0.810126582278481,1.11392405063291,0.5,0.6150068
0.835443037974684,1.11392405063291,0.5,0.6725252
0.860759493670886,1.11392405063291,0.5,0.72553986
0.886075949367089,1.11392405063291,0.5,0.7723826
0.911392405063291,1.11392405063291,0.5,0.8116524
0.936708860759494,1.11392405063291,0.5,0.8422498
0.962025316455696,1.11392405063291,0.5,0.8633626
0.987341772151899,1.11392405063291,0.5,0.8744364
1.0126582278481,1.11392405063291,0.5,0.87514657
1.0379746835443,1.11392405063291,0.5,0.86538804
1.06329113924051,1.11392405063291,0.5,0.84529406
1.08860759493671,1.11392405063291,0.5,0.8152759
1.11392405063291,1.11392405063291,0.5,0.77607226
1.13924050632911,1.11392405063291,0.5,0.72878826
1.16455696202532,1.11392405063291,0.5,0.67489886
1.18987341772152,1.11392405063291,0.5,0.616198
1.21518987341772,1.11392405063291,0.5,0.55468464
1.24050632911392,1.11392405063291,0.5,0.4924013
1.26582278481013,1.11392405063291,0.5,0.43125847
1.29113924050633,1.11392405063291,0.5,0.37288043
1.31645569620253,1.11392405063291,0.5,0.31850564
1.34177215189873,1.11392405063291,0.5,0.26895413
1.36708860759494,1.11392405063291,0.5,0.224652
1.39240506329114,1.11392405063291,0.5,0.1856952
1.41772151898734,1.11392405063291,0.5,0.15193026
1.44303797468354,1.11392405063291,0.5,0.123034075
1.46835443037975,1.11392405063291,0.5,0.09858164
1.49367088607595,1.11392405063291,0.5,0.07810037
1.51898734177215,1.11392405063291,0.5,0.061108876
1.54430379746835,1.11392405063291,0.5,0.047141433
1.56962025316456,1.11392405063291,0.5,0.035765104
1.59493670886076,1.11392405063291,0.5,0.026587602
1.62025316455696,1.11392405063291,0.5,0.019259896
1.64556962025316,1.11392405063291,0.5,0.013476782
1.67088607594937,1.11392405063291,0.5,0.008974221
1.69620253164557,1.11392405063291,0.5,0.005525805
1.72151898734177,1.11392405063291,0.5,0.002938915
1.74683544303797,1.11392405063291,0.5,0.0010504983
1.77215189873418,1.11392405063291,0.5,-0.00027645752
1.79746835443038,1.11392405063291,0.5,-0.0011571757
1.82278481012658,1.11392405063291,0.5,-0.0016874187
1.84810126582278,1.11392405063291,0.5,-0.0019470975
1.87341772151899,1.11392405063291,0.5,-0.0020021088
1.89873417721519,1.11392405063291,0.5,-0.0019071959
1.92405063291139,1.11392405063291,0.5,-0.0017066188
1.94936708860759,1.11392405063291,0.5,-0.0014364123
1.9746835443038,1.11392405063291,0.5,-0.001126226
2,1.11392405063291,0.5,-0.00079923496
0,1.13924050632911,0.5,-0.00081922486
0.0253164556962025,1.13924050632911,0.5,-0.0031384714
0.0506329113924051,1.13924050632911,0.5,-0.005364474
0.0759493670886076,1.13924050632911,0.5,-0.0074594505
0.10126582278481,1.13924050632911,0.5,-0.009378154
0.126582278481013,1.13924050632911,0.5,-0.0110667385
0.151898734177215,1.13924050632911,0.5,-0.012462463
0.177215189873418,1.13924050632911,0.5,-0.013491329
0.20253164556962,1.13924050632911,0.5,-0.014067229
0.227848101265823,1.13924050632911,0.5,-0.0140908025
0.253164556962025,1.13924050632911,0.5,-0.013446841
0.278481012658228,1.13924050632911,0.5,-0.012003716
0.30379746835443,1.13924050632911,0.5,-0.009611513
0.329113924050633,1.13924050632911,0.5,-0.0060995333
0.354430379746835,1.13924050632911,0.5,-0.001276534
0.379746835443038,1.13924050632911,0.5,0.005072061
0.405063291139241,1.13924050632911,0.5,0.013183627
0.430379746835443,1.13924050632911,0.5,0.023320649
0.455696202531646,1.13924050632911,0.5,0.035768297
0.481012658227848,1.13924050632911,0.5,0.05083436
0.506329113924051,1.13924050632911,0.5,0.06884473
0.531645569620253,1.13924050632911,0.5,0.090138435
0.556962025316456,1.13924050632911,0.5,0.11505507
0.582278481012658,1.13924050632911,0.5,0.14391863
0.607594936708861,1.13924050632911,0.5,0.17701101
0.632911392405063,1.13924050632911,0.5,0.21453412
0.658227848101266,1.13924050632911,0.5,0.25656104
0.683544303797468,1.13924050632911,0.5,0.30297428
0.708860759493671,1.13924050632911,0.5,0.35340053
0.734177215189873,1.13924050632911,0.5,0.40715316
0.759493670886076,1.13924050632911,0.5,0.46320233
0.784810126582278,1.13924050632911,0.5,0.5201932
0.810126582278481,1.13924050632911,0.5,0.5765189
0.835443037974684,1.13924050632911,0.5,0.6304452
0.860759493670886,1.13924050632911,0.5,0.6802551
0.886075949367089,1.13924050632911,0.5,0.724378
0.911392405063291,1.13924050632911,0.5,0.761475
0.936708860759494,1.13924050632911,0.5,0.790474
0.962025316455696,1.13924050632911,0.5,0.8105644
0.987341772151899,1.13924050632911,0.5,0.8211767
1.0126582278481,1.13924050632911,0.5,0.8219631
1.0379746835443,1.13924050632911,0.5,0.81279695
1.06329113924051,1.13924050632911,0.5,0.7937956
1.08860759493671,1.13924050632911,0.5,0.76536113
1.11392405063291,1.13924050632911,0.5,0.7282253
1.13924050632911,1.13924050632911,0.5,0.6834804
1.16455696202532,1.13924050632911,0.5,0.632571
1.18987341772152,1.13924050632911,0.5,0.57723254
1.21518987341772,1.13924050632911,0.5,0.5193729
1.24050632911392,1.13924050632911,0.5,0.460914
1.26582278481013,1.13924050632911,0.5,0.40363058
1.29113924050633,1.13924050632911,0.5,0.3490125
1.31645569620253,1.13924050632911,0.5,0.29818267
1.34177215189873,1.13924050632911,0.5,0.25187638
1.36708860759494,1.13924050632911,0.5,0.21046881
1.39240506329114,1.13924050632911,0.5,0.17403683
1.41772151898734,1.13924050632911,0.5,0.14243428
1.44303797468354,1.13924050632911,0.5,0.11536178
1.46835443037975,1.13924050632911,0.5,0.09242901
1.49367088607595,1.13924050632911,0.5,0.073201865
1.51898734177215,1.13924050632911,0.5,0.05723631
1.54430379746835,1.13924050632911,0.5,0.044102684
1.56962025316456,1.13924050632911,0.5,0.03339926
1.59493670886076,1.13924050632911,0.5,0.024760969
1.62025316455696,1.13924050632911,0.5,0.017862171
1.64556962025316,1.13924050632911,0.5,0.0124174245
1.67088607594937,1.13924050632911,0.5,0.008179024
1.69620253164557,1.13924050632911,0.5,0.0049348176
1.72151898734177,1.13924050632911,0.5,0.0025038756
1.74683544303797,1.13924050632911,0.5,0.0007331073
1.77215189873418,1.13924050632911,0.5,-0.00050634146
1.79746835443038,1.13924050632911,0.5,-0.0013228282
1.82278481012658,1.13924050632911,0.5,-0.001806628
1.84810126582278,1.13924050632911,0.5,-0.0020331666
1.87341772151899,1.13924050632911,0.5,-0.0020652376
1.89873417721519,1.13924050632911,0.5,-0.0019539148
1.92405063291139,1.13924050632911,0.5,-0.0017425306
1.94936708860759,1.13924050632911,0.5,-0.0014652647
1.9746835443038,1.13924050632911,0.5,-0.001150541
2,1.13924050632911,0.5,-0.00082075596
0,1.16455696202532,0.5,-0.0055525936
0.0253164556962025,1.16455696202532,0.5,-0.007856268
0.0506329113924051,1.16455696202532,0.5,-0.010046776
0.0759493670886076,1.16455696202532,0.5,-0.012084644
0.10126582278481,1.16455696202532,0.5,-0.013923597
0.126582278481013,1.16455696202532,0.5,-0.015509207
0.151898734177215,1.16455696202532,0.5,-0.016779337
0.177215189873418,1.16455696202532,0.5,-0.017660897
0.20253164556962,1.16455696202532,0.5,-0.018070515
0.227848101265823,1.16455696202532,0.5,-0.017913174
0.253164556962025,1.16455696202532,0.5,-0.017080422
0.278481012658228,1.16455696202532,0.5,-0.015449714
0.30379746835443,1.16455696202532,0.5,-0.012883183
0.329113924050633,1.16455696202532,0.5,-0.009226862
0.354430379746835,1.16455696202532,0.5,-0.0043094642
0.379746835443038,1.16455696202532,0.5,0.002058398
0.405063291139241,1.16455696202532,0.5,0.010084432
0.430379746835443,1.16455696202532,0.5,0.019996095
0.455696202531646,1.16455696202532,0.5,0.032039728
0.481012658227848,1.16455696202532,0.5,0.046480477
0.506329113924051,1.16455696202532,0.5,0.063599624
0.531645569620253,1.16455696202532,0.5,0.0836907
0.556962025316456,1.16455696202532,0.5,0.10705058
0.582278481012658,1.16455696202532,0.5,0.13396618
0.607594936708861,1.16455696202532,0.5,0.16469112
0.632911392405063,1.16455696202532,0.5,0.1994131
0.658227848101266,1.16455696202532,0.5,0.23820889
0.683544303797468,1.16455696202532,0.5,0.2809871
0.708860759493671,1.16455696202532,0.5,0.32742885
0.734177215189873,1.16455696202532,0.5,0.3769312
0.759493670886076,1.16455696202532,0.5,0.42857745
0.784810126582278,1.16455696202532,0.5,0.4811508
0.810126582278481,1.16455696202532,0.5,0.53319645
0.835443037974684,1.16455696202532,0.5,0.5831296
0.860759493670886,1.16455696202532,0.5,0.6293652
0.886075949367089,1.16455696202532,0.5,0.6704336
0.911392405063291,1.16455696202532,0.5,0.7050616
0.936708860759494,1.16455696202532,0.5,0.7322096
0.962025316455696,1.16455696202532,0.5,0.75107616
0.987341772151899,1.16455696202532,0.5,0.7610846
1.0126582278481,1.16455696202532,0.5,0.7618764
1.0379746835443,1.16455696202532,0.5,0.7533161
1.06329113924051,1.16455696202532,0.5,0.73551744
1.08860759493671,1.16455696202532,0.5,0.7088825
1.11392405063291,1.16455696202532,0.5,0.6741389
1.13924050632911,1.16455696202532,0.5,0.63235897
1.16455696202532,1.16455696202532,0.5,0.58493936
1.18987341772152,1.16455696202532,0.5,0.5335294
1.21518987341772,1.16455696202532,0.5,0.4799136
1.24050632911392,1.16455696202532,0.5,0.42586273
1.26582278481013,1.16455696202532,0.5,0.37298885
1.29113924050633,1.16455696202532,0.5,0.3226308
1.31645569620253,1.16455696202532,0.5,0.27578765
1.34177215189873,1.16455696202532,0.5,0.23310752
1.36708860759494,1.16455696202532,0.5,0.19491847
1.39240506329114,1.16455696202532,0.5,0.16128415
1.41772151898734,1.16455696202532,0.5,0.13207139
1.44303797468354,1.16455696202532,0.5,0.1070116
1.46835443037975,1.16455696202532,0.5,0.0857543
1.49367088607595,1.16455696202532,0.5,0.0679088
1.51898734177215,1.16455696202532,0.5,0.053074274
1.54430379746835,1.16455696202532,0.5,0.040860012
1.56962025316456,1.16455696202532,0.5,0.030899528
1.59493670886076,1.16455696202532,0.5,0.022857077
1.62025316455696,1.16455696202532,0.5,0.016432837
1.64556962025316,1.16455696202532,0.5,0.011362102
1.67088607594937,1.16455696202532,0.5,0.007415727
1.69620253164557,1.16455696202532,0.5,0.004396312
1.72151898734177,1.16455696202532,0.5,0.002135653
1.74683544303797,1.16455696202532,0.5,0.0004916452
1.77215189873418,1.16455696202532,0.5,-0.0006558895
1.79746835443038,1.16455696202532,0.5,-0.0014073737
1.82278481012658,1.16455696202532,0.5,-0.0018470436
1.84810126582278,1.16455696202532,0.5,-0.002044998
1.87341772151899,1.16455696202532,0.5,-0.0020598695
1.89873417721519,1.16455696202532,0.5,-0.0019398667
1.92405063291139,1.16455696202532,0.5,-0.0017252155
1.94936708860759,1.16455696202532,0.5,-0.0014483146
1.9746835443038,1.16455696202532,0.5,-0.0011362918
2,1.16455696202532,0.5,-0.0008106418
0,1.18987341772152,0.5,-0.010463405
0.0253164556962025,1.18987341772152,0.5,-0.012716804
0.0506329113924051,1.18987341772152,0.5,-0.014834043
0.0759493670886076,1.18987341772152,0.5,-0.016774256
0.10126582278481,1.18987341772152,0.5,-0.018490385
0.126582278481013,1.18987341772152,0.5,-0.019928325
0.151898734177215,1.18987341772152,0.5,-0.021026481
0.177215189873418,1.18987341772152,0.5,-0.021714222
0.20253164556962,1.18987341772152,0.5,-0.021912027
0.227848101265823,1.18987341772152,0.5,-0.021530744
0.253164556962025,1.18987341772152,0.5,-0.020470243
0.278481012658228,1.18987341772152,0.5,-0.018619675
0.30379746835443,1.18987341772152,0.5,-0.015856434
0.329113924050633,1.18987341772152,0.5,-0.012045193
0.354430379746835,1.18987341772152,0.5,-0.0070384033
0.379746835443038,1.18987341772152,0.5,-0.0006751232
0.405063291139241,1.18987341772152,0.5,0.0072199106
0.430379746835443,1.18987341772152,0.5,0.016836453
0.455696202531646,1.18987341772152,0.5,0.028379884
0.481012658227848,1.18987341772152,0.5,0.042071227
0.506329113924051,1.18987341772152,0.5,0.058147002
0.531645569620253,1.18987341772152,0.5,0.076855816
0.556962025316456,1.18987341772152,0.5,0.09845406
0.582278481012658,1.18987341772152,0.5,0.12319337
0.607594936708861,1.18987341772152,0.5,0.15130278
0.632911392405063,1.18987341772152,0.5,0.182959
0.658227848101266,1.18987341772152,0.5,0.21824571
0.683544303797468,1.18987341772152,0.5,0.25710177
0.708860759493671,1.18987341772152,0.5,0.29926527
0.734177215189873,1.18987341772152,0.5,0.34422025
0.759493670886076,1.18987341772152,0.5,0.39116684
0.784810126582278,1.18987341772152,0.5,0.43902898
0.810126582278481,1.18987341772152,0.5,0.48650572
0.835443037974684,1.18987341772152,0.5,0.5321646
0.860759493670886,1.18987341772152,0.5,0.57455456
0.886075949367089,1.18987341772152,0.5,0.6123104
0.911392405063291,1.18987341772152,0.5,0.64423025
0.936708860759494,1.18987341772152,0.5,0.6693152
0.962025316455696,1.18987341772152,0.5,0.6867812
0.987341772151899,1.18987341772152,0.5,0.6960583
1.0126582278481,1.18987341772152,0.5,0.69678956
1.0379746835443,1.18987341772152,0.5,0.6888446
1.06329113924051,1.18987341772152,0.5,0.6723448
1.08860759493671,1.18987341772152,0.5,0.6476976
1.11392405063291,1.18987341772152,0.5,0.61562407
1.13924050632911,1.18987341772152,0.5,0.57716477
1.16455696202532,1.18987341772152,0.5,0.5336469
1.18987341772152,1.18987341772152,0.5,0.48660746
1.21518987341772,1.18987341772152,0.5,0.43767956
1.24050632911392,1.18987341772152,0.5,0.3884587
1.26582278481013,1.18987341772152,0.5,0.34038013
1.29113924050633,1.18987341772152,0.5,0.2946226
1.31645569620253,1.18987341772152,0.5,0.25206006
1.34177215189873,1.18987341772152,0.5,0.21325739
1.36708860759494,1.18987341772152,0.5,0.17849949
1.39240506329114,1.18987341772152,0.5,0.14784247
1.41772151898734,1.18987341772152,0.5,0.12117031
1.44303797468354,1.18987341772152,0.5,0.09824905
1.46835443037975,1.18987341772152,0.5,0.078771755
1.49367088607595,1.18987341772152,0.5,0.062394027
1.51898734177215,1.18987341772152,0.5,0.048760753
1.54430379746835,1.18987341772152,0.5,0.037522607
1.56962025316456,1.18987341772152,0.5,0.028350465
1.59493670886076,1.18987341772152,0.5,0.020940397
1.62025316455696,1.18987341772152,0.5,0.015019234
1.64556962025316,1.18987341772152,0.5,0.0103453845
1.67088607594937,1.18987341772152,0.5,0.0067080185
1.69620253164557,1.18987341772152,0.5,0.003925722
1.72151898734177,1.18987341772152,0.5,0.0018436611
1.74683544303797,1.18987341772152,0.5,0.00033096597
1.77215189873418,1.18987341772152,0.5,-0.00072318316
1.79746835443038,1.18987341772152,0.5,-0.0014109015
1.82278481012658,1.18987341772152,0.5,-0.0018097274
1.84810126582278,1.18987341772152,0.5,-0.0019843094
1.87341772151899,1.18987341772152,0.5,-0.001988355
1.89873417721519,1.18987341772152,0.5,-0.0018664934
1.92405063291139,1.18987341772152,0.5,-0.0016558729
1.94936708860759,1.18987341772152,0.5,-0.0013868809
1.9746835443038,1.18987341772152,0.5,-0.0010848343
2,1.18987341772152,0.5,-0.00076976046
0,1.21518987341772,0.5,-0.015449781
0.0253164556962025,1.21518987341772,0.5,-0.01761387
0.0506329113924051,1.21518987341772,0.5,-0.019615944
0.0759493670886076,1.21518987341772,0.5,-0.02141456
0.10126582278481,1.21518987341772,0.5,-0.022962254
0.126582278481013,1.21518987341772,0.5,-0.024205614
0.151898734177215,1.21518987341772,0.5,-0.025084715
0.177215189873418,1.21518987341772,0.5,-0.025532614
0.20253164556962,1.21518987341772,0.5,-0.025474962
0.227848101265823,1.21518987341772,0.5,-0.024830554
0.253164556962025,1.21518987341772,0.5,-0.023509447
0.278481012658228,1.21518987341772,0.5,-0.021414604
0.30379746835443,1.21518987341772,0.5,-0.018440854
0.329113924050633,1.21518987341772,0.5,-0.014474891
0.354430379746835,1.21518987341772,0.5,-0.009394746
0.379746835443038,1.21518987341772,0.5,-0.0030699149
0.405063291139241,1.21518987341772,0.5,0.0046406165
0.430379746835443,1.21518987341772,0.5,0.013888545
0.455696202531646,1.21518987341772,0.5,0.024838388
0.481012658227848,1.21518987341772,0.5,0.037668634
0.506329113924051,1.21518987341772,0.5,0.0525731
0.531645569620253,1.21518987341772,0.5,0.0697597
0.556962025316456,1.21518987341772,0.5,0.08944759
0.582278481012658,1.21518987341772,0.5,0.11185801
0.607594936708861,1.21518987341772,0.5,0.13719915
0.632911392405063,1.21518987341772,0.5,0.16563971
0.658227848101266,1.21518987341772,0.5,0.19727236
0.683544303797468,1.21518987341772,0.5,0.23206668
0.708860759493671,1.21518987341772,0.5,0.26981625
0.734177215189873,1.21518987341772,0.5,0.31009045
0.759493670886076,1.21518987341772,0.5,0.3522028
0.784810126582278,1.21518987341772,0.5,0.39521456
0.810126582278481,1.21518987341772,0.5,0.43797553
0.835443037974684,1.21518987341772,0.5,0.47920343
0.860759493670886,1.21518987341772,0.5,0.5175811
0.886075949367089,1.21518987341772,0.5,0.55185187
0.911392405063291,1.21518987341772,0.5,0.58089083
0.936708860759494,1.21518987341772,0.5,0.6037495
0.962025316455696,1.21518987341772,0.5,0.61967444
0.987341772151899,1.21518987341772,0.5,0.628115
1.0126582278481,1.21518987341772,0.5,0.6287306
1.0379746835443,1.21518987341772,0.5,0.6214078
1.06329113924051,1.21518987341772,0.5,0.6062837
1.08860759493671,1.21518987341772,0.5,0.58377284
1.11392405063291,1.21518987341772,0.5,0.5545824
1.13924050632911,1.21518987341772,0.5,0.51970506
1.16455696202532,1.21518987341772,0.5,0.48037702
1.18987341772152,1.21518987341772,0.5,0.43799946
1.21518987341772,1.21518987341772,0.5,0.39403436
1.24050632911392,1.21518987341772,0.5,0.3498888
1.26582278481013,1.21518987341772,0.5,0.30681437
1.29113924050633,1.21518987341772,0.5,0.26583117
1.31645569620253,1.21518987341772,0.5,0.22769338
1.34177215189873,1.21518987341772,0.5,0.19288822
1.36708860759494,1.21518987341772,0.5,0.16166316
1.39240506329114,1.21518987341772,0.5,0.13407038
1.41772151898734,1.21518987341772,0.5,0.110014305
1.44303797468354,1.21518987341772,0.5,0.089296564
1.46835443037975,1.21518987341772,0.5,0.07165483
1.49367088607595,1.21518987341772,0.5,0.0567917
1.51898734177215,1.21518987341772,0.5,0.044397935
1.54430379746835,1.21518987341772,0.5,0.034167405
1.56962025316456,1.21518987341772,0.5,0.025808405
1.59493670886076,1.21518987341772,0.5,0.019050207
1.62025316455696,1.21518987341772,0.5,0.013647452
1.64556962025316,1.21518987341772,0.5,0.009382151
1.67088607594937,1.21518987341772,0.5,0.0060626194
1.69620253164557,1.21518987341772,0.5,0.0035237446
1.72151898734177,1.21518987341772,0.5,0.0016241446
1.74683544303797,1.21518987341772,0.5,0.00024437532
1.77215189873418,1.21518987341772,0.5,-0.00071631
1.79746835443038,1.21518987341772,0.5,-0.00134198
1.82278481012658,1.21518987341772,0.5,-0.0017033629
1.84810126582278,1.21518987341772,0.5,-0.0018587857
1.87341772151899,1.21518987341772,0.5,-0.0018574521
1.89873417721519,1.21518987341772,0.5,-0.0017397478
1.92405063291139,1.21518987341772,0.5,-0.0015396737
1.94936708860759,1.21518987341772,0.5,-0.0012848079
1.9746835443038,1.21518987341772,0.5,-0.0009990409
2,1.21518987341772,0.5,-0.0007006638
0,1.24050632911392,0.5,-0.020412479
0.0253164556962025,1.24050632911392,0.5,-0.022444647
0.0506329113924051,1.24050632911392,0.5,-0.024287153
0.0759493670886076,1.24050632911392,0.5,-0.025897745
0.10126582278481,1.24050632911392,0.5,-0.02723008
0.126582278481013,1.24050632911392,0.5,-0.028232168
0.151898734177215,1.24050632911392,0.5,-0.028846476
0.177215189873418,1.24050632911392,0.5,-0.029011872
0.20253164556962,1.24050632911392,0.5,-0.02866033
0.227848101265823,1.24050632911392,0.5,-0.027719844
0.253164556962025,1.24050632911392,0.5,-0.026113957
0.278481012658228,1.24050632911392,0.5,-0.023760896
0.30379746835443,1.24050632911392,0.5,-0.020575158
0.329113924050633,1.24050632911392,0.5,-0.016467046
0.354430379746835,1.24050632911392,0.5,-0.011341635
0.379746835443038,1.24050632911392,0.5,-0.00509936
0.405063291139241,1.24050632911392,0.5,0.002366662
0.430379746835443,1.24050632911392,0.5,0.011171602
0.455696202531646,1.24050632911392,0.5,0.021442022
0.481012658227848,1.24050632911392,0.5,0.03331726
0.506329113924051,1.24050632911392,0.5,0.046953794
0.531645569620253,1.24050632911392,0.5,0.062524185
0.556962025316456,1.24050632911392,0.5,0.08021603
0.582278481012658,1.24050632911392,0.5,0.10022545
0.607594936708861,1.24050632911392,0.5,0.12274368
0.632911392405063,1.24050632911392,0.5,0.14793353
0.658227848101266,1.24050632911392,0.5,0.17589705
0.683544303797468,1.24050632911392,0.5,0.20663163
0.708860759493671,1.24050632911392,0.5,0.23998247
0.734177215189873,1.24050632911392,0.5,0.27559677
0.759493670886076,1.24050632911392,0.5,0.31289357
0.784810126582278,1.24050632911392,0.5,0.35106295
0.810126582278481,1.24050632911392,0.5,0.3890977
0.835443037974684,1.24050632911392,0.5,0.42585972
0.860759493670886,1.24050632911392,0.5,0.46016547
0.886075949367089,1.24050632911392,0.5,0.490868
0.911392405063291,1.24050632911392,0.5,0.5169274
0.936708860759494,1.24050632911392,0.5,0.5374556
0.962025316455696,1.24050632911392,0.5,0.5517423
0.987341772151899,1.24050632911392,0.5,0.5592706
1.0126582278481,1.24050632911392,0.5,0.5597301
1.0379746835443,1.24050632911392,0.5,0.5530331
1.06329113924051,1.24050632911392,0.5,0.53933704
1.08860759493671,1.24050632911392,0.5,0.5190595
1.11392405063291,1.24050632911392,0.5,0.49288368
1.13924050632911,1.24050632911392,0.5,0.461737
1.16455696202532,1.24050632911392,0.5,0.42674562
1.18987341772152,1.24050632911392,0.5,0.38915792
1.21518987341772,1.24050632911392,0.5,0.3502541
1.24050632911392,1.24050632911392,0.5,0.31124964
1.26582278481013,1.24050632911392,0.5,0.27321586
1.29113924050633,1.24050632911392,0.5,0.23702239
1.31645569620253,1.24050632911392,0.5,0.20331155
1.34177215189873,1.24050632911392,0.5,0.17250064
1.36708860759494,1.24050632911392,0.5,0.14480595
1.39240506329114,1.24050632911392,0.5,0.12027791
1.41772151898734,1.24050632911392,0.5,0.0988422
1.44303797468354,1.24050632911392,0.5,0.0803355
1.46835443037975,1.24050632911392,0.5,0.06453881
1.49367088607595,1.24050632911392,0.5,0.051200457
1.51898734177215,1.24050632911392,0.5,0.040056095
1.54430379746835,1.24050632911392,0.5,0.030841842
1.56962025316456,1.24050632911392,0.5,0.023303337
1.59493670886076,1.24050632911392,0.5,0.017203085
1.62025316455696,1.24050632911392,0.5,0.012323752
1.64556962025316,1.24050632911392,0.5,0.008470532
1.67088607594937,1.24050632911392,0.5,0.0054716207
1.69620253164557,1.24050632911392,0.5,0.0031781495
1.72151898734177,1.24050632911392,0.5,0.0014624782
1.74683544303797,1.24050632911392,0.5,0.00021635741
1.77215189873418,1.24050632911392,0.5,-0.0006511882
1.79746835443038,1.24050632911392,0.5,-0.0012162179
1.82278481012658,1.24050632911392,0.5,-0.001542177
1.84810126582278,1.24050632911392,0.5,-0.0016816705
1.87341772151899,1.24050632911392,0.5,-0.001678735
1.89873417721519,1.24050632911392,0.5,-0.0015697293
1.92405063291139,1.24050632911392,0.5,-0.0013847128
1.94936708860759,1.24050632911392,0.5,-0.0011494495
1.9746835443038,1.24050632911392,0.5,-0.00088458136
2,1.24050632911392,0.5,-0.0006075613
0,1.26582278481013,0.5,-0.025253657
0.0253164556962025,1.26582278481013,0.5,-0.027108926
0.0506329113924051,1.26582278481013,0.5,-0.028745461
0.0759493670886076,1.26582278481013,0.5,-0.030121673
0.10126582278481,1.26582278481013,0.5,-0.031192247
0.126582278481013,1.26582278481013,0.5,-0.031907823
0.151898734177215,1.26582278481013,0.5,-0.032216374
0.177215189873418,1.26582278481013,0.5,-0.03206155
0.20253164556962,1.26582278481013,0.5,-0.03138485
0.227848101265823,1.26582278481013,0.5,-0.030126002
0.253164556962025,1.26582278481013,0.5,-0.028222151
0.278481012658228,1.26582278481013,0.5,-0.025609728
0.30379746835443,1.26582278481013,0.5,-0.022224288
0.329113924050633,1.26582278481013,0.5,-0.017999895
0.354430379746835,1.26582278481013,0.5,-0.012869481
0.379746835443038,1.26582278481013,0.5,-0.0067626648
0.405063291139241,1.26582278481013,0.5,0.0003950894
0.430379746835443,1.26582278481013,0.5,0.008686319
0.455696202531646,1.26582278481013,0.5,0.018203285
0.481012658227848,1.26582278481013,0.5,0.02905377
0.506329113924051,1.26582278481013,0.5,0.041361906
0.531645569620253,1.26582278481013,0.5,0.05527196
0.556962025316456,1.26582278481013,0.5,0.07094675
0.582278481012658,1.26582278481013,0.5,0.088562116
0.607594936708861,1.26582278481013,0.5,0.108295575
0.632911392405063,1.26582278481013,0.5,0.13030583
0.658227848101266,1.26582278481013,0.5,0.15470183
0.683544303797468,1.26582278481013,0.5,0.18150462
0.708860759493671,1.26582278481013,0.5,0.21060343
0.734177215189873,1.26582278481013,0.5,0.24171333
0.759493670886076,1.26582278481013,0.5,0.27434757
0.784810126582278,1.26582278481013,0.5,0.3078121
0.810126582278481,1.26582278481013,0.5,0.34123296
0.835443037974684,1.26582278481013,0.5,0.3736085
0.860759493670886,1.26582278481013,0.5,0.4038843
0.886075949367089,1.26582278481013,0.5,0.43102545
0.911392405063291,1.26582278481013,0.5,0.45408273
0.936708860759494,1.26582278481013,0.5,0.4722398
0.962025316455696,1.26582278481013,0.5,0.48484185
0.987341772151899,1.26582278481013,0.5,0.49141812
1.0126582278481,1.26582278481013,0.5,0.49169824
1.0379746835443,1.26582278481013,0.5,0.48562708
1.06329113924051,1.26582278481013,0.5,0.47338158
1.08860759493671,1.26582278481013,0.5,0.45537558
1.11392405063291,1.26582278481013,0.5,0.43225434
1.13924050632911,1.26582278481013,0.5,0.40486607
1.16455696202532,1.26582278481013,0.5,0.37421235
1.18987341772152,1.26582278481013,0.5,0.3413811
1.21518987341772,1.26582278481013,0.5,0.30746895
1.24050632911392,1.26582278481013,0.5,0.2735058
1.26582278481013,1.26582278481013,0.5,0.24039319
1.29113924050633,1.26582278481013,0.5,0.20886262
1.31645569620253,1.26582278481013,0.5,0.17945576
1.34177215189873,1.26582278481013,0.5,0.15252808
1.36708860759494,1.26582278481013,0.5,0.12826909
1.39240506329114,1.26582278481013,0.5,0.10672909
1.41772151898734,1.26582278481013,0.5,0.08785406
1.44303797468354,1.26582278481013,0.5,0.07151422
1.46835443037975,1.26582278481013,0.5,0.057530053
1.49367088607595,1.26582278481013,0.5,0.045693535
1.51898734177215,1.26582278481013,0.5,0.03578259
1.54430379746835,1.26582278481013,0.5,0.027573135
1.56962025316456,1.26582278481013,0.5,0.020847447
1.59493670886076,1.26582278481013,0.5,0.01539981
1.62025316455696,1.26582278481013,0.5,0.011040181
1.64556962025316,1.26582278481013,0.5,0.007596761
1.67088607594937,1.26582278481013,0.5,0.004917372
1.69620253164557,1.26582278481013,0.5,0.0028691366
1.72151898734177,1.26582278481013,0.5,0.0013374314
1.74683544303797,1.26582278481013,0.5,0.0002254434
1.77215189873418,1.26582278481013,0.5,-0.0005487427
1.79746835443038,1.26582278481013,0.5,-0.001053039
1.82278481012658,1.26582278481013,0.5,-0.0013443381
1.84810126582278,1.26582278481013,0.5,-0.0014688522
1.87341772151899,1.26582278481013,0.5,-0.0014659949
1.89873417721519,1.26582278481013,0.5,-0.0013678856
1.92405063291139,1.26582278481013,0.5,-0.0012011342
1.94936708860759,1.26582278481013,0.5,-0.0009882487
1.9746835443038,1.26582278481013,0.5,-0.0007480122
2,1.26582278481013,0.5,-0.00049585477
0,1.29113924050633,0.5,-0.029876884
0.0253164556962025,1.29113924050633,0.5,-0.03150915
0.0506329113924051,1.29113924050633,0.5,-0.03289338
0.0759493670886076,1.29113924050633,0.5,-0.03398979
0.10126582278481,1.29113924050633,0.5,-0.03475492
0.126582278481013,1.29113924050633,0.5,-0.035144147
0.151898734177215,1.29113924050633,0.5,-0.03511044
0.177215189873418,1.29113924050633,0.5,-0.034606647
0.20253164556962,1.29113924050633,0.5,-0.033584278
0.227848101265823,1.29113924050633,0.5,-0.031995766
0.253164556962025,1.29113924050633,0.5,-0.029794883
0.278481012658228,1.29113924050633,0.5,-0.026936404
0.30379746835443,1.29113924050633,0.5,-0.023377486
0.329113924050633,1.29113924050633,0.5,-0.019075856
0.354430379746835,1.29113924050633,0.5,-0.013990156
0.379746835443038,1.29113924050633,0.5,-0.0080775395
0.405063291139241,1.29113924050633,0.5,-0.0012912191
0.430379746835443,1.29113924050633,0.5,0.0064230226
0.455696202531646,1.29113924050633,0.5,0.015131138
0.481012658227848,1.29113924050633,0.5,0.024913985
0.506329113924051,1.29113924050633,0.5,0.035872392
0.531645569620253,1.29113924050633,0.5,0.04812851
0.556962025316456,1.29113924050633,0.5,0.06182634
0.582278481012658,1.29113924050633,0.5,0.07712631
0.607594936708861,1.29113924050633,0.5,0.09419447
0.632911392405063,1.29113924050633,0.5,0.11318505
0.658227848101266,1.29113924050633,0.5,0.13421093
0.683544303797468,1.29113924050633,0.5,0.15731098
0.708860759493671,1.29113924050633,0.5,0.18240921
0.734177215189873,1.29113924050633,0.5,0.20927717
0.759493670886076,1.29113924050633,0.5,0.23750827
0.784810126582278,1.29113924050633,0.5,0.26651213
0.810126582278481,1.29113924050633,0.5,0.2955338
0.835443037974684,1.29113924050633,0.5,0.32369944
0.860759493670886,1.29113924050633,0.5,0.35007817
0.886075949367089,1.29113924050633,0.5,0.37374866
0.911392405063291,1.29113924050633,0.5,0.3938574
0.936708860759494,1.29113924050633,0.5,0.40966794
0.962025316455696,1.29113924050633,0.5,0.42059204
0.987341772151899,1.29113924050633,0.5,0.42621475
1.0126582278481,1.29113924050633,0.5,0.42631185
1.0379746835443,1.29113924050633,0.5,0.4208624
1.06329113924051,1.29113924050633,0.5,0.41005766
1.08860759493671,1.29113924050633,0.5,0.39429903
1.11392405063291,1.29113924050633,0.5,0.37418175
1.13924050632911,1.29113924050633,0.5,0.3504627
1.16455696202532,1.29113924050633,0.5,0.32401288
1.18987341772152,1.29113924050633,0.5,0.2957589
1.21518987341772,1.29113924050633,0.5,0.26662195
1.24050632911392,1.29113924050633,0.5,0.23745899
1.26582278481013,1.29113924050633,0.5,0.2090182
1.29113924050633,1.29113924050633,0.5,0.18190683
1.31645569620253,1.29113924050633,0.5,0.15657814
1.34177215189873,1.29113924050633,0.5,0.13333379
1.36708860759494,1.29113924050633,0.5,0.11233957
1.39240506329114,1.29113924050633,0.5,0.093646675
1.41772151898734,1.29113924050633,0.5,0.07721926
1.44303797468354,1.29113924050633,0.5,0.06295699
1.46835443037975,1.29113924050633,0.5,0.050716862
1.49367088607595,1.29113924050633,0.5,0.040329672
1.51898734177215,1.29113924050633,0.5,0.031612534
1.54430379746835,1.29113924050633,0.5,0.024378818
1.56962025316456,1.29113924050633,0.5,0.018444542
1.59493670886076,1.29113924050633,0.5,0.013634052
1.62025316455696,1.29113924050633,0.5,0.009783119
1.64556962025316,1.29113924050633,0.5,0.0067425
1.67088607594937,1.29113924050633,0.5,0.004378289
1.69620253164557,1.29113924050633,0.5,0.0025728717
1.72151898734177,1.29113924050633,0.5,0.0012248643
1.74683544303797,1.29113924050633,0.5,0.00024738535
1.77215189873418,1.29113924050633,0.5,-0.0004321374
1.79746835443038,1.29113924050633,0.5,-0.0008743033
1.82278481012658,1.29113924050633,0.5,-0.0011291504
1.84810126582278,1.29113924050633,0.5,-0.0012378655
1.87341772151899,1.29113924050633,0.5,-0.0012346245
1.89873417721519,1.29113924050633,0.5,-0.001147341
1.92405063291139,1.29113924050633,0.5,-0.000999432
1.94936708860759,1.29113924050633,0.5,-0.0008101724
1.9746835443038,1.29113924050633,0.5,-0.00059625134
2,1.29113924050633,0.5,-0.00037078932
0,1.31645569620253,0.5,-0.034187112
0.0253164556962025,1.31645569620253,0.5,-0.03555044
0.0506329113924051,1.31645569620253,0.5,-0.03663787
0.0759493670886076,1.31645569620253,0.5,-0.037411753
0.10126582278481,1.31645569620253,0.5,-0.037832838
0.126582278481013,1.31645569620253,0.5,-0.03786179
0.151898734177215,1.31645569620253,0.5,-0.03745948
0.177215189873418,1.31645569620253,0.5,-0.036588002
0.20253164556962,1.31645569620253,0.5,-0.035211425
0.227848101265823,1.31645569620253,0.5,-0.033296686
0.253164556962025,1.31645569620253,0.5,-0.03081372
0.278481012658228,1.31645569620253,0.5,-0.027737003
0.30379746835443,1.31645569620253,0.5,-0.02404368
0.329113924050633,1.31645569620253,0.5,-0.01971433
0.354430379746835,1.31645569620253,0.5,-0.014730521
0.379746835443038,1.31645569620253,0.5,-0.009072375
0.405063291139241,1.31645569620253,0.5,-0.002715554
0.430379746835443,1.31645569620253,0.5,0.0043721423
0.455696202531646,1.31645569620253,0.5,0.012236264
0.481012658227848,1.31645569620253,0.5,0.020939443
0.506329113924051,1.31645569620253,0.5,0.030565009
0.531645569620253,1.31645569620253,0.5,0.041220184
0.556962025316456,1.31645569620253,0.5,0.053034607
0.582278481012658,1.31645569620253,0.5,0.06615679
0.607594936708861,1.31645569620253,0.5,0.08074269
0.632911392405063,1.31645569620253,0.5,0.09694064
0.658227848101266,1.31645569620253,0.5,0.11486411
0.683544303797468,1.31645569620253,0.5,0.13456237
0.708860759493671,1.31645569620253,0.5,0.15598504
0.734177215189873,1.31645569620253,0.5,0.17894833
0.759493670886076,1.31645569620253,0.5,0.2031127
0.784810126582278,1.31645569620253,0.5,0.2279765
0.810126582278481,1.31645569620253,0.5,0.25289142
0.835443037974684,1.31645569620253,0.5,0.2771007
0.860759493670886,1.31645569620253,0.5,0.29979232
0.886075949367089,1.31645569620253,0.5,0.3201555
0.911392405063291,1.31645569620253,0.5,0.33743775
0.936708860759494,1.31645569620253,0.5,0.35098848
0.962025316455696,1.31645569620253,0.5,0.3602934
0.987341772151899,1.31645569620253,0.5,0.36499834
1.0126582278481,1.31645569620253,0.5,0.36492738
1.0379746835443,1.31645569620253,0.5,0.3600908
1.06329113924051,1.31645569620253,0.5,0.35068727
1.08860759493671,1.31645569620253,0.5,0.33709475
1.11392405063291,1.31645569620253,0.5,0.31984892
1.13924050632911,1.31645569620253,0.5,0.29960895
1.16455696202532,1.31645569620253,0.5,0.2771154
1.18987341772152,1.31645569620253,0.5,0.25314182
1.21518987341772,1.31645569620253,0.5,0.2284478
1.24050632911392,1.31645569620253,0.5,0.20373562
1.26582278481013,1.31645569620253,0.5,0.17961775
1.29113924050633,1.31645569620253,0.5,0.15659359
1.31645569620253,1.31645569620253,0.5,0.13504003
1.34177215189873,1.31645569620253,0.5,0.115211725
1.36708860759494,1.31645569620253,0.5,0.09725344
1.39240506329114,1.31645569620253,0.5,0.08121685
1.41772151898734,1.31645569620253,0.5,0.06708093
1.44303797468354,1.31645569620253,0.5,0.05477116
1.46835443037975,1.31645569620253,0.5,0.04417618
1.49367088607595,1.31645569620253,0.5,0.035161134
1.51898734177215,1.31645569620253,0.5,0.027578566
1.54430379746835,1.31645569620253,0.5,0.021275096
1.56962025316456,1.31645569620253,0.5,0.01609812
1.59493670886076,1.31645569620253,0.5,0.0118994005
1.62025316455696,1.31645569620253,0.5,0.008539565
1.64556962025316,1.31645569620253,0.5,0.0058897547
1.67088607594937,1.31645569620253,0.5,0.0038332865
1.69620253164557,1.31645569620253,0.5,0.002266977
1.72151898734177,1.31645569620253,0.5,0.0011011772
1.74683544303797,1.31645569620253,0.5,0.00025913492
1.77215189873418,1.31645569620253,0.5,-0.00032336637
1.79746835443038,1.31645569620253,0.5,-0.0007003136
1.82278481012658,1.31645569620253,0.5,-0.00091558695
1.84810126582278,1.31645569620253,0.5,-0.0010053888
1.87341772151899,1.31645569620253,0.5,-0.0009989887
1.89873417721519,1.31645569620253,0.5,-0.00092078745
1.92405063291139,1.31645569620253,0.5,-0.00079039484
1.94936708860759,1.31645569620253,0.5,-0.0006243251
1.9746835443038,1.31645569620253,0.5,-0.00043636933
2,1.31645569620253,0.5,-0.00023857132
0,1.34177215189873,0.5,-0.0380908
0.0253164556962025,1.34177215189873,0.5,-0.039141845
0.0506329113924051,1.34177215189873,0.5,-0.039891314
0.0759493670886076,1.34177215189873,0.5,-0.04030564
0.10126582278481,1.34177215189873,0.5,-0.040351134
0.126582278481013,1.34177215189873,0.5,-0.03999537
0.151898734177215,1.34177215189873,0.5,-0.039208677
0.177215189873418,1.34177215189873,0.5,-0.037964027
0.20253164556962,1.34177215189873,0.5,-0.036238838
0.227848101265823,1.34177215189873,0.5,-0.034014996
0.253164556962025,1.34177215189873,0.5,-0.031279705
0.278481012658228,1.34177215189873,0.5,-0.028025165
0.30379746835443,1.34177215189873,0.5,-0.024248157
0.329113924050633,1.34177215189873,0.5,-0.019947995
0.354430379746835,1.34177215189873,0.5,-0.015125293
0.379746835443038,1.34177215189873,0.5,-0.009778302
0.405063291139241,1.34177215189873,0.5,-0.0038993657
0.430379746835443,1.34177215189873,0.5,0.0025285333
0.455696202531646,1.34177215189873,0.5,0.009537749
0.481012658227848,1.34177215189873,0.5,0.017178304
0.506329113924051,1.34177215189873,0.5,0.025523368
0.531645569620253,1.34177215189873,0.5,0.034669284
0.556962025316456,1.34177215189873,0.5,0.044735994
0.582278481012658,1.34177215189873,0.5,0.05586133
0.607594936708861,1.34177215189873,0.5,0.06819183
0.632911392405063,1.34177215189873,0.5,0.081867605
0.658227848101266,1.34177215189873,0.5,0.096998766
0.683544303797468,1.34177215189873,0.5,0.1136387
0.708860759493671,1.34177215189873,0.5,0.13175339
0.734177215189873,1.34177215189873,0.5,0.1511932
0.759493670886076,1.34177215189873,0.5,0.1716726
0.784810126582278,1.34177215189873,0.5,0.19276534
0.810126582278481,1.34177215189873,0.5,0.2139177
0.835443037974684,1.34177215189873,0.5,0.23447958
0.860759493670886,1.34177215189873,0.5,0.25375053
0.886075949367089,1.34177215189873,0.5,0.27102974
0.911392405063291,1.34177215189873,0.5,0.28566533
0.936708860759494,1.34177215189873,0.5,0.29709655
0.962025316455696,1.34177215189873,0.5,0.30488566
0.987341772151899,1.34177215189873,0.5,0.3087414
1.0126582278481,1.34177215189873,0.5,0.30853295
1.0379746835443,1.34177215189873,0.5,0.30429563
1.06329113924051,1.34177215189873,0.5,0.29622695
1.08860759493671,1.34177215189873,0.5,0.28467214
1.11392405063291,1.34177215189873,0.5,0.27010027
1.13924050632911,1.34177215189873,0.5,0.25307235
1.16455696202532,1.34177215189873,0.5,0.23420462
1.18987341772152,1.34177215189873,0.5,0.21413106
1.21518987341772,1.34177215189873,0.5,0.19346805
1.24050632911392,1.34177215189873,0.5,0.17278321
1.26582278481013,1.34177215189873,0.5,0.15257314
1.29113924050633,1.34177215189873,0.5,0.1332456
1.31645569620253,1.34177215189873,0.5,0.115111694
1.34177215189873,1.34177215189873,0.5,0.098386124
1.36708860759494,1.34177215189873,0.5,0.08319503
1.39240506329114,1.34177215189873,0.5,0.06958875
1.41772151898734,1.34177215189873,0.5,0.05755809
1.44303797468354,1.34177215189873,0.5,0.047049597
1.46835443037975,1.34177215189873,0.5,0.037978075
1.49367088607595,1.34177215189873,0.5,0.030238759
1.51898734177215,1.34177215189873,0.5,0.023714595
1.54430379746835,1.34177215189873,0.5,0.018282346
1.56962025316456,1.34177215189873,0.5,0.013817288
1.59493670886076,1.34177215189873,0.5,0.010196656
1.62025316455696,1.34177215189873,0.5,0.007303059
1.64556962025316,1.34177215189873,0.5,0.0050265864
1.67088607594937,1.34177215189873,0.5,0.0032667518
1.69620253164557,1.34177215189873,0.5,0.0019332282
1.72151898734177,1.34177215189873,0.5,0.0009472221
1.74683544303797,1.34177215189873,0.5,0.0002412945
1.77215189873418,1.34177215189873,0.5,-0.00024204329
1.79746835443038,1.34177215189873,0.5,-0.00055005774
1.82278481012658,1.34177215189873,0.5,-0.00072142854
1.84810126582278,1.34177215189873,0.5,-0.0007873662
1.87341772151899,1.34177215189873,0.5,-0.000773523
1.89873417721519,1.34177215189873,0.5,-0.00070022047
1.92405063291139,1.34177215189873,0.5,-0.00058411807
1.94936708860759,1.34177215189873,0.5,-0.00043870136
1.9746835443038,1.34177215189873,0.5,-0.00027531013
2,1.34177215189873,0.5,-0.00010390952
0,1.36708860759494,0.5,-0.04149871
0.0253164556962025,1.36708860759494,0.5,-0.042197455
0.0506329113924051,1.36708860759494,0.5,-0.042574164
0.0759493670886076,1.36708860759494,0.5,-0.042599615
0.10126582278481,1.36708860759494,0.5,-0.042247538
0.126582278481013,1.36708860759494,0.5,-0.041494105
0.151898734177215,1.36708860759494,0.5,-0.0403199
0.177215189873418,1.36708860759494,0.5,-0.038710307
0.20253164556962,1.36708860759494,0.5,-0.03665645
0.227848101265823,1.36708860759494,0.5,-0.0341555
0.253164556962025,1.36708860759494,0.5,-0.031210314
0.278481012658228,1.36708860759494,0.5,-0.027829707
0.30379746835443,1.36708860759494,0.5,-0.024026338
0.329113924050633,1.36708860759494,0.5,-0.019815251
0.354430379746835,1.36708860759494,0.5,-0.015210882
0.379746835443038,1.36708860759494,0.5,-0.010224134
0.405063291139241,1.36708860759494,0.5,-0.0048579536
0.430379746835443,1.36708860759494,0.5,0.0008961372
0.455696202531646,1.36708860759494,0.5,0.0070620924
0.481012658227848,1.36708860759494,0.5,0.013684809
0.506329113924051,1.36708860759494,0.5,0.020830192
0.531645569620253,1.36708860759494,0.5,0.028588422
0.556962025316456,1.36708860759494,0.5,0.03707105
0.582278481012658,1.36708860759494,0.5,0.04640693
0.607594936708861,1.36708860759494,0.5,0.05673241
0.632911392405063,1.36708860759494,0.5,0.06817714
0.658227848101266,1.36708860759494,0.5,0.08084376
0.683544303797468,1.36708860759494,0.5,0.09478377
0.708860759493671,1.36708860759494,0.5,0.109972894
0.734177215189873,1.36708860759494,0.5,0.12628561
0.759493670886076,1.36708860759494,0.5,0.14347968
0.784810126582278,1.36708860759494,0.5,0.16119286
0.810126582278481,1.36708860759494,0.5,0.17895453
0.835443037974684,1.36708860759494,0.5,0.19621198
0.860759493670886,1.36708860759494,0.5,0.21236892
0.886075949367089,1.36708860759494,0.5,0.22683
0.911392405063291,1.36708860759494,0.5,0.23904291
0.936708860759494,1.36708860759494,0.5,0.24853583
0.962025316455696,1.36708860759494,0.5,0.25494733
0.987341772151899,1.36708860759494,0.5,0.2580457
1.0126582278481,1.36708860759494,0.5,0.2577403
1.0379746835443,1.36708860759494,0.5,0.25408328
1.06329113924051,1.36708860759494,0.5,0.24726172
1.08860759493671,1.36708860759494,0.5,0.23758107
1.11392405063291,1.36708860759494,0.5,0.22544162
1.13924050632911,1.36708860759494,0.5,0.21130937
1.16455696202532,1.36708860759494,0.5,0.1956871
1.18987341772152,1.36708860759494,0.5,0.17908521
1.21518987341772,1.36708860759494,0.5,0.16199698
1.24050632911392,1.36708860759494,0.5,0.14487739
1.26582278481013,1.36708860759494,0.5,0.12812544
1.29113924050633,1.36708860759494,0.5,0.11207296
1.31645569620253,1.36708860759494,0.5,0.09697577
1.34177215189873,1.36708860759494,0.5,0.08301452
1.36708860759494,1.36708860759494,0.5,0.07029847
1.39240506329114,1.36708860759494,0.5,0.058875762
1.41772151898734,1.36708860759494,0.5,0.04874535
1.44303797468354,1.36708860759494,0.5,0.039869606
1.46835443037975,1.36708860759494,0.5,0.032185026
1.49367088607595,1.36708860759494,0.5,0.025611557
1.51898734177215,1.36708860759494,0.5,0.020058047
1.54430379746835,1.36708860759494,0.5,0.015427314
1.56962025316456,1.36708860759494,0.5,0.011619486
1.59493670886076,1.36708860759494,0.5,0.008534797
1.62025316455696,1.36708860759494,0.5,0.006075714
1.64556962025316,1.36708860759494,0.5,0.0041497946
1.67088607594937,1.36708860759494,0.5,0.0026706904
1.69620253164557,1.36708860759494,0.5,0.0015604347
1.72151898734177,1.36708860759494,0.5,0.0007497594
1.74683544303797,1.36708860759494,0.5,0.00017860904
1.77215189873418,1.36708860759494,0.5,-0.00020341203
1.79746835443038,1.36708860759494,0.5,-0.00043852255
1.82278481012658,1.36708860759494,0.5,-0.0005607195
1.84810126582278,1.36708860759494,0.5,-0.0005973913
1.87341772151899,1.36708860759494,0.5,-0.00057035685
1.89873417721519,1.36708860759494,0.5,-0.00049669296
1.92405063291139,1.36708860759494,0.5,-0.00039003044
1.94936708860759,1.36708860759494,0.5,-0.00026111305
1.9746835443038,1.36708860759494,0.5,-0.00011925772
2,1.36708860759494,0.5,0.000028256327
0,1.39240506329114,0.5,-0.044327285
0.0253164556962025,1.39240506329114,0.5,-0.044641178
0.0506329113924051,1.39240506329114,0.5,-0.04461777
0.0759493670886076,1.39240506329114,0.5,-0.04423515
0.10126582278481,1.39240506329114,0.5,-0.043475103
0.126582278481013,1.39240506329114,0.5,-0.04232381
0.151898734177215,1.39240506329114,0.5,-0.040773254
0.177215189873418,1.39240506329114,0.5,-0.03882132
0.20253164556962,1.39240506329114,0.5,-0.036472898
0.227848101265823,1.39240506329114,0.5,-0.033739116
0.253164556962025,1.39240506329114,0.5,-0.030637205
0.278481012658228,1.39240506329114,0.5,-0.02718928
0.30379746835443,1.39240506329114,0.5,-0.023420297
0.329113924050633,1.39240506329114,0.5,-0.019356538
0.354430379746835,1.39240506329114,0.5,-0.015021399
0.379746835443038,1.39240506329114,0.5,-0.010432575
0.405063291139241,1.39240506329114,0.5,-0.0055983737
0.430379746835443,1.39240506329114,0.5,-0.00051378086
0.455696202531646,1.39240506329114,0.5,0.004842881
0.481012658227848,1.39240506329114,0.5,0.010513399
0.506329113924051,1.39240506329114,0.5,0.01656111
0.531645569620253,1.39240506329114,0.5,0.023071107
0.556962025316456,1.39240506329114,0.5,0.030148689
0.582278481012658,1.39240506329114,0.5,0.037912887
0.607594936708861,1.39240506329114,0.5,0.04648907
0.632911392405063,1.39240506329114,0.5,0.055994205
0.658227848101266,1.39240506329114,0.5,0.066520214
0.683544303797468,1.39240506329114,0.5,0.07811295
0.708860759493671,1.39240506329114,0.5,0.09075103
0.734177215189873,1.39240506329114,0.5,0.104326025
0.759493670886076,1.39240506329114,0.5,0.118631035
0.784810126582278,1.39240506329114,0.5,0.13335803
0.810126582278481,1.39240506329114,0.5,0.14810929
0.835443037974684,1.39240506329114,0.5,0.16242005
0.860759493670886,1.39240506329114,0.5,0.17579131
0.886075949367089,1.39240506329114,0.5,0.18772653
0.911392405063291,1.39240506329114,0.5,0.19776882
0.936708860759494,1.39240506329114,0.5,0.20553204
0.962025316455696,1.39240506329114,0.5,0.21072564
0.987341772151899,1.39240506329114,0.5,0.21317208
1.0126582278481,1.39240506329114,0.5,0.21281351
1.0379746835443,1.39240506329114,0.5,0.20971058
1.06329113924051,1.39240506329114,0.5,0.20403261
1.08860759493671,1.39240506329114,0.5,0.19604142
1.11392405063291,1.39240506329114,0.5,0.18606871
1.13924050632911,1.39240506329114,0.5,0.1744927
1.16455696202532,1.39240506329114,0.5,0.1617154
1.18987341772152,1.39240506329114,0.5,0.14814158
1.21518987341772,1.39240506329114,0.5,0.13416186
1.24050632911392,1.39240506329114,0.5,0.12013696
1.26582278481013,1.39240506329114,0.5,0.10638721
1.29113924050633,1.39240506329114,0.5,0.09318182
1.31645569620253,1.39240506329114,0.5,0.080731735
1.34177215189873,1.39240506329114,0.5,0.069189146
1.36708860759494,1.39240506329114,0.5,0.058648348
1.39240506329114,1.39240506329114,0.5,0.04915393
1.41772151898734,1.39240506329114,0.5,0.040710278
1.44303797468354,1.39240506329114,0.5,0.03329108
1.46835443037975,1.39240506329114,0.5,0.02684936
1.49367088607595,1.39240506329114,0.5,0.021324225
1.51898734177215,1.39240506329114,0.5,0.01664647
1.54430379746835,1.39240506329114,0.5,0.012740865
1.56962025316456,1.39240506329114,0.5,0.00952905
1.59493670886076,1.39240506329114,0.5,0.0069315583
1.62025316455696,1.39240506329114,0.5,0.0048694797
1.64556962025316,1.39240506329114,0.5,0.003265582
1.67088607594937,1.39240506329114,0.5,0.0020468272
1.69620253164557,1.39240506329114,0.5,0.0011460781
1.72151898734177,1.39240506329114,0.5,0.0005024411
1.74683544303797,1.39240506329114,0.5,0.000063013285
1.77215189873418,1.39240506329114,0.5,-0.00021762401
1.79746835443038,1.39240506329114,0.5,-0.00037674233
1.82278481012658,1.39240506329114,0.5,-0.00044497102
1.84810126582278,1.39240506329114,0.5,-0.00044636428
1.87341772151899,1.39240506329114,0.5,-0.00039970875
1.89873417721519,1.39240506329114,0.5,-0.0003192462
1.92405063291139,1.39240506329114,0.5,-0.00021591038
1.94936708860759,1.39240506329114,0.5,-0.00009854138
1.9746835443038,1.39240506329114,0.5,0.000026319176
2,1.39240506329114,0.5,0.00015324354
0,1.41772151898734,0.5,-0.046502974
0.0253164556962025,1.41772151898734,0.5,-0.046407398
0.0506329113924051,1.41772151898734,0.5,-0.04596768
0.0759493670886076,1.41772151898734,0.5,-0.045169618
0.10126582278481,1.41772151898734,0.5,-0.04400455
0.126582278481013,1.41772151898734,0.5,-0.04246944
0.151898734177215,1.41772151898734,0.5,-0.04056773
0.177215189873418,1.41772151898734,0.5,-0.038309943
0.20253164556962,1.41772151898734,0.5,-0.035713438
0.227848101265823,1.41772151898734,0.5,-0.03280131
0.253164556962025,1.41772151898734,0.5,-0.02960249
0.278481012658228,1.41772151898734,0.5,-0.026148986
0.30379746835443,1.41772151898734,0.5,-0.022474375
0.329113924050633,1.41772151898734,0.5,-0.018610712
0.354430379746835,1.41772151898734,0.5,-0.014585823
0.379746835443038,1.41772151898734,0.5,-0.010419618
0.405063291139241,1.41772151898734,0.5,-0.0061205924
0.430379746835443,1.41772151898734,0.5,-0.0016838759
0.455696202531646,1.41772151898734,0.5,0.002913572
0.481012658227848,1.41772151898734,0.5,0.0077132583
0.506329113924051,1.41772151898734,0.5,0.01277741
0.531645569620253,1.41772151898734,0.5,0.01818699
0.556962025316456,1.41772151898734,0.5,0.024040706
0.582278481012658,1.41772151898734,0.5,0.03044805
0.607594936708861,1.41772151898734,0.5,0.037521314
0.632911392405063,1.41772151898734,0.5,0.04536383
0.658227848101266,1.41772151898734,0.5,0.054054294
0.683544303797468,1.41772151898734,0.5,0.06362988
0.708860759493671,1.41772151898734,0.5,0.07406829
0.734177215189873,1.41772151898734,0.5,0.08527358
0.759493670886076,1.41772151898734,0.5,0.09706667
0.784810126582278,1.41772151898734,0.5,0.10918681
0.810126582278481,1.41772151898734,0.5,0.12130074
0.835443037974684,1.41772151898734,0.5,0.13302304
0.860759493670886,1.41772151898734,0.5,0.1439431
0.886075949367089,1.41772151898734,0.5,0.1536565
0.911392405063291,1.41772151898734,0.5,0.16179398
0.936708860759494,1.41772151898734,0.5,0.16804756
0.962025316455696,1.41772151898734,0.5,0.17219208
0.987341772151899,1.41772151898734,0.5,0.17409547
1.0126582278481,1.41772151898734,0.5,0.17372464
1.0379746835443,1.41772151898734,0.5,0.17114168
1.06329113924051,1.41772151898734,0.5,0.16649334
1.08860759493671,1.41772151898734,0.5,0.15999648
1.11392405063291,1.41772151898734,0.5,0.15191802
1.13924050632911,1.41772151898734,0.5,0.14255771
1.16455696202532,1.41772151898734,0.5,0.1322303
1.18987341772152,1.41772151898734,0.5,0.121252105
1.21518987341772,1.41772151898734,0.5,0.10992852
1.24050632911392,1.41772151898734,0.5,0.098545015
1.26582278481013,1.41772151898734,0.5,0.08735789
1.29113924050633,1.41772151898734,0.5,0.07658606
1.31645569620253,1.41772151898734,0.5,0.06640501
1.34177215189873,1.41772151898734,0.5,0.0569431
1.36708860759494,1.41772151898734,0.5,0.048282377
1.39240506329114,1.41772151898734,0.5,0.04046364
1.41772151898734,1.41772151898734,0.5,0.03349351
1.44303797468354,1.41772151898734,0.5,0.027353957
1.46835443037975,1.41772151898734,0.5,0.022009425
1.49367088607595,1.41772151898734,0.5,0.01741366
1.51898734177215,1.41772151898734,0.5,0.013514306
1.54430379746835,1.41772151898734,0.5,0.010254156
1.56962025316456,1.41772151898734,0.5,0.007573746
1.59493670886076,1.41772151898734,0.5,0.005411133
1.62025316455696,1.41772151898734,0.5,0.00370349
1.64556962025316,1.41772151898734,0.5,0.0023884997
1.67088607594937,1.41772151898734,0.5,0.001404956
1.69620253164557,1.41772151898734,0.5,0.00069550425
1.72151898734177,1.41772151898734,0.5,0.00020717457
1.74683544303797,1.41772151898734,0.5,-0.0001074858
1.77215189873418,1.41772151898734,0.5,-0.00028876215
1.79746835443038,1.41772151898734,0.5,-0.0003710352
1.82278481012658,1.41772151898734,0.5,-0.0003815256
1.84810126582278,1.41772151898734,0.5,-0.00034220517
1.87341772151899,1.41772151898734,0.5,-0.00026926398
1.89873417721519,1.41772151898734,0.5,-0.00017528236
1.92405063291139,1.41772151898734,0.5,-0.0000689812
1.94936708860759,1.41772151898734,0.5,0.000043209642
1.9746835443038,1.41772151898734,0.5,0.00015667826
2,1.41772151898734,0.5,0.00026734918
0,1.44303797468354,0.5,-0.04796608
0.0253164556962025,1.44303797468354,0.5,-0.047447752
0.0506329113924051,1.44303797468354,0.5,-0.046587404
0.0759493670886076,1.44303797468354,0.5,-0.04538003
0.10126582278481,1.44303797468354,0.5,-0.04382698
0.126582278481013,1.44303797468354,0.5,-0.04193608
0.151898734177215,1.44303797468354,0.5,-0.039722253
0.177215189873418,1.44303797468354,0.5,-0.0372069
0.20253164556962,1.44303797468354,0.5,-0.03441822
0.227848101265823,1.44303797468354,0.5,-0.031389017
0.253164556962025,1.44303797468354,0.5,-0.028156307
0.278481012658228,1.44303797468354,0.5,-0.024758354
0.30379746835443,1.44303797468354,0.5,-0.021232784
0.329113924050633,1.44303797468354,0.5,-0.017613843
0.354430379746835,1.44303797468354,0.5,-0.013928626
0.379746835443038,1.44303797468354,0.5,-0.01019603
0.405063291139241,1.44303797468354,0.5,-0.006421484
0.430379746835443,1.44303797468354,0.5,-0.0025968403
0.455696202531646,1.44303797468354,0.5,0.0013033114
0.481012658227848,1.44303797468354,0.5,0.0053221323
0.506329113924051,1.44303797468354,0.5,0.009520266
0.531645569620253,1.44303797468354,0.5,0.013975665
0.556962025316456,1.44303797468354,0.5,0.018779311
0.582278481012658,1.44303797468354,0.5,0.024030361
0.607594936708861,1.44303797468354,0.5,0.029828127
0.632911392405063,1.44303797468354,0.5,0.036260493
0.658227848101266,1.44303797468354,0.5,0.043391906
0.683544303797468,1.44303797468354,0.5,0.05124905
0.708860759493671,1.44303797468354,0.5,0.059807066
0.734177215189873,1.44303797468354,0.5,0.06897858
0.759493670886076,1.44303797468354,0.5,0.07860916
0.784810126582278,1.44303797468354,0.5,0.088478826
0.810126582278481,1.44303797468354,0.5,0.0983112
0.835443037974684,1.44303797468354,0.5,0.107791856
0.860759493670886,1.44303797468354,0.5,0.11659008
0.886075949367089,1.44303797468354,0.5,0.12438314
0.911392405063291,1.44303797468354,0.5,0.13088095
0.936708860759494,1.44303797468354,0.5,0.13584568
0.962025316455696,1.44303797468354,0.5,0.13910688
0.987341772151899,1.44303797468354,0.5,0.14057046
1.0126582278481,1.44303797468354,0.5,0.14022061
1.0379746835443,1.44303797468354,0.5,0.13811557
1.06329113924051,1.44303797468354,0.5,0.13437718
1.08860759493671,1.44303797468354,0.5,0.12917838
1.11392405063291,1.44303797468354,0.5,0.12272814
1.13924050632911,1.44303797468354,0.5,0.11525734
1.16455696202532,1.44303797468354,0.5,0.10700752
1.18987341772152,1.44303797468354,0.5,0.09822112
1.21518987341772,1.44303797468354,0.5,0.08913514
1.24050632911392,1.44303797468354,0.5,0.07997398
1.26582278481013,1.44303797468354,0.5,0.07094263
1.29113924050633,1.44303797468354,0.5,0.062221102
1.31645569620253,1.44303797468354,0.5,0.05395601
1.34177215189873,1.44303797468354,0.5,0.04625708
1.36708860759494,1.44303797468354,0.5,0.039196566
1.39240506329114,1.44303797468354,0.5,0.03281151
1.41772151898734,1.44303797468354,0.5,0.027109671
1.44303797468354,1.44303797468354,0.5,0.022077972
1.46835443037975,1.44303797468354,0.5,0.017688256
1.49367088607595,1.44303797468354,0.5,0.013905477
1.51898734177215,1.44303797468354,0.5,0.010688741
1.54430379746835,1.44303797468354,0.5,0.007995665
1.56962025316456,1.44303797468354,0.5,0.0057812706
1.59493670886076,1.44303797468354,0.5,0.003999509
1.62025316455696,1.44303797468354,0.5,0.0026020631
1.64556962025316,1.44303797468354,0.5,0.0015394576
1.67088607594937,1.44303797468354,0.5,0.00076212734
1.69620253164557,1.44303797468354,0.5,0.0002217181
1.72151898734177,1.44303797468354,0.5,-0.00012766197
1.74683544303797,1.44303797468354,0.5,-0.00032782182
1.77215189873418,1.44303797468354,0.5,-0.00041560084
1.79746835443038,1.44303797468354,0.5,-0.00042247772
1.82278481012658,1.44303797468354,0.5,-0.00037373602
1.84810126582278,1.44303797468354,0.5,-0.00028963387
1.87341772151899,1.44303797468354,0.5,-0.0001850985
1.89873417721519,1.44303797468354,0.5,-0.00007084757
1.92405063291139,1.44303797468354,0.5,0.00004543364
1.94936708860759,1.44303797468354,0.5,0.00015913323
1.9746835443038,1.44303797468354,0.5,0.0002668798
2,1.44303797468354,0.5,0.00036699325
0,1.46835443037975,0.5,-0.048674565
0.0253164556962025,1.46835443037975,0.5,-0.047732648
0.0506329113924051,1.46835443037975,0.5,-0.04646113
0.0759493670886076,1.46835443037975,0.5,-0.04486465
0.10126582278481,1.46835443037975,0.5,-0.04295477
0.126582278481013,1.46835443037975,0.5,-0.0407495
0.151898734177215,1.46835443037975,0.5,-0.038273823
0.177215189873418,1.46835443037975,0.5,-0.03555898
0.20253164556962,1.46835443037975,0.5,-0.03264043
0.227848101265823,1.46835443037975,0.5,-0.029558443
0.253164556962025,1.46835443037975,0.5,-0.026354283
0.278481012658228,1.46835443037975,0.5,-0.023068659
0.30379746835443,1.46835443037975,0.5,-0.019739408
0.329113924050633,1.46835443037975,0.5,-0.016398884
0.354430379746835,1.46835443037975,0.5,-0.013071395
0.379746835443038,1.46835443037975,0.5,-0.0097707845
0.405063291139241,1.46835443037975,0.5,-0.0064980984
0.430379746835443,1.46835443037975,0.5,-0.003240455
0.455696202531646,1.46835443037975,0.5,0.000030700117
0.481012658227848,1.46835443037975,0.5,0.0033598617
0.506329113924051,1.46835443037975,0.5,0.006807059
0.531645569620253,1.46835443037975,0.5,0.010445569
0.556962025316456,1.46835443037975,0.5,0.0143588185
0.582278481012658,1.46835443037975,0.5,0.018634483
0.607594936708861,1.46835443037975,0.5,0.023357969
0.632911392405063,1.46835443037975,0.5,0.028602397
0.658227848101266,1.46835443037975,0.5,0.03441778
0.683544303797468,1.46835443037975,0.5,0.04081987
0.708860759493671,1.46835443037975,0.5,0.047780544
0.734177215189873,1.46835443037975,0.5,0.055220094
0.759493670886076,1.46835443037975,0.5,0.06300503
0.784810126582278,1.46835443037975,0.5,0.070951365
0.810126582278481,1.46835443037975,0.5,0.07883386
0.835443037974684,1.46835443037975,0.5,0.08640012
0.860759493670886,1.46835443037975,0.5,0.093389764
0.886075949367089,1.46835443037975,0.5,0.09955181
0.911392405063291,1.46835443037975,0.5,0.10466477
0.936708860759494,1.46835443037975,0.5,0.10854979
0.962025316455696,1.46835443037975,0.5,0.11108267
0.987341772151899,1.46835443037975,0.5,0.11219865
1.0126582278481,1.46835443037975,0.5,0.11189327
1.0379746835443,1.46835443037975,0.5,0.11021702
1.06329113924051,1.46835443037975,0.5,0.10726711
1.08860759493671,1.46835443037975,0.5,0.10317686
1.11392405063291,1.46835443037975,0.5,0.098104015
1.13924050632911,1.46835443037975,0.5,0.09222148
1.16455696202532,1.46835443037975,0.5,0.08570978
1.18987341772152,1.46835443037975,0.5,0.07875161
1.21518987341772,1.46835443037975,0.5,0.07152809
1.24050632911392,1.46835443037975,0.5,0.06421451
1.26582278481013,1.46835443037975,0.5,0.056975856
1.29113924050633,1.46835443037975,0.5,0.049960323
1.31645569620253,1.46835443037975,0.5,0.04329227
1.34177215189873,1.46835443037975,0.5,0.037067223
1.36708860759494,1.46835443037975,0.5,0.03134971
1.39240506329114,1.46835443037975,0.5,0.026173826
1.41772151898734,1.46835443037975,0.5,0.021548158
1.44303797468354,1.46835443037975,0.5,0.017462365
1.46835443037975,1.46835443037975,0.5,0.013893668
1.49367088607595,1.46835443037975,0.5,0.010812394
1.51898734177215,1.46835443037975,0.5,0.0081874505
1.54430379746835,1.46835443037975,0.5,0.00598602
1.56962025316456,1.46835443037975,0.5,0.0041755997
1.59493670886076,1.46835443037975,0.5,0.0027221479
1.62025316455696,1.46835443037975,0.5,0.0015900843
1.64556962025316,1.46835443037975,0.5,0.00074243173
1.67088607594937,1.46835443037975,0.5,0.00013980642
1.69620253164557,1.46835443037975,0.5,-0.00025692955
1.72151898734177,1.46835443037975,0.5,-0.00048710406
1.74683544303797,1.46835443037975,0.5,-0.00058742985
1.77215189873418,1.46835443037975,0.5,-0.00059117377
1.79746835443038,1.46835443037975,0.5,-0.0005275458
1.82278481012658,1.46835443037975,0.5,-0.0004208386
1.84810126582278,1.46835443037975,0.5,-0.00029019266
1.87341772151899,1.46835443037975,0.5,-0.00014976785
1.89873417721519,1.46835443037975,0.5,-0.000009924173
1.92405063291139,1.46835443037975,0.5,0.00012287498
1.94936708860759,1.46835443037975,0.5,0.00024455786
1.9746835443038,1.46835443037975,0.5,0.0003533028
2,1.46835443037975,0.5,0.00044858456
0,1.49367088607595,0.5,-0.048607137
0.0253164556962025,1.49367088607595,0.5,-0.047254983
0.0506329113924051,1.49367088607595,0.5,-0.045596022
0.0759493670886076,1.49367088607595,0.5,-0.043644633
0.10126582278481,1.49367088607595,0.5,-0.041421708
0.126582278481013,1.49367088607595,0.5,-0.038954843
0.151898734177215,1.49367088607595,0.5,-0.036277097
0.177215189873418,1.49367088607595,0.5,-0.0334262
0.20253164556962,1.49367088607595,0.5,-0.030443806
0.227848101265823,1.49367088607595,0.5,-0.02737284
0.253164556962025,1.49367088607595,0.5,-0.024255458
0.278481012658228,1.49367088607595,0.5,-0.0211319
0.30379746835443,1.49367088607595,0.5,-0.018036738
0.329113924050633,1.49367088607595,0.5,-0.0149982795
0.354430379746835,1.49367088607595,0.5,-0.012035057
0.379746835443038,1.49367088607595,0.5,-0.00915492
0.405063291139241,1.49367088607595,0.5,-0.006353531
0.430379746835443,1.49367088607595,0.5,-0.0036127344
0.455696202531646,1.49367088607595,0.5,-0.0009009987
0.481012658227848,1.49367088607595,0.5,0.0018272288
0.506329113924051,1.49367088607595,0.5,0.004629802
0.531645569620253,1.49367088607595,0.5,0.0075753704
0.556962025316456,1.49367088607595,0.5,0.010738548
0.582278481012658,1.49367088607595,0.5,0.014196198
0.607594936708861,1.49367088607595,0.5,0.018019611
0.632911392405063,1.49367088607595,0.5,0.022267226
0.658227848101266,1.49367088607595,0.5,0.026975602
0.683544303797468,1.49367088607595,0.5,0.03215082
0.708860759493671,1.49367088607595,0.5,0.037761807
0.734177215189873,1.49367088607595,0.5,0.043735832
0.759493670886076,1.49367088607595,0.5,0.049958646
0.784810126582278,1.49367088607595,0.5,0.056278486
0.810126582278481,1.49367088607595,0.5,0.062514186
0.835443037974684,1.49367088607595,0.5,0.06846841
0.860759493670886,1.49367088607595,0.5,0.07394001
0.886075949367089,1.49367088607595,0.5,0.07873983
0.911392405063291,1.49367088607595,0.5,0.08270313
0.936708860759494,1.49367088607595,0.5,0.08569993
0.962025316455696,1.49367088607595,0.5,0.08764276
0.987341772151899,1.49367088607595,0.5,0.08848924
1.0126582278481,1.49367088607595,0.5,0.08824098
1.0379746835443,1.49367088607595,0.5,0.08693981
1.06329113924051,1.49367088607595,0.5,0.08466002
1.08860759493671,1.49367088607595,0.5,0.08149983
1.11392405063291,1.49367088607595,0.5,0.07757462
1.13924050632911,1.49367088607595,0.5,0.07300922
1.16455696202532,1.49367088607595,0.5,0.06793436
1.18987341772152,1.49367088607595,0.5,0.062484425
1.21518987341772,1.49367088607595,0.5,0.056795817
1.24050632911392,1.49367088607595,0.5,0.051004432
1.26582278481013,1.49367088607595,0.5,0.045242444
1.29113924050633,1.49367088607595,0.5,0.03963282
1.31645569620253,1.49367088607595,0.5,0.034282286
1.34177215189873,1.49367088607595,0.5,0.02927567
1.36708860759494,1.49367088607595,0.5,0.024671543
1.39240506329114,1.49367088607595,0.5,0.020502567
1.41772151898734,1.49367088607595,0.5,0.016777946
1.44303797468354,1.49367088607595,0.5,0.013489073
1.46835443037975,1.49367088607595,0.5,0.01061625
1.49367088607595,1.49367088607595,0.5,0.008134287
1.51898734177215,1.49367088607595,0.5,0.0060165487
1.54430379746835,1.49367088607595,0.5,0.004237637
1.56962025316456,1.49367088607595,0.5,0.0027730204
1.59493670886076,1.49367088607595,0.5,0.0015990399
1.62025316455696,1.49367088607595,0.5,0.00069046766
1.64556962025316,1.49367088607595,0.5,0.000021200627
1.67088607594937,1.49367088607595,0.5,-0.0004382357
1.69620253164557,1.49367088607595,0.5,-0.000719022
1.72151898734177,1.49367088607595,0.5,-0.0008523278
1.74683544303797,1.49367088607595,0.5,-0.0008706413
1.77215189873418,1.49367088607595,0.5,-0.0008035712
1.79746835443038,1.49367088607595,0.5,-0.0006784126
1.82278481012658,1.49367088607595,0.5,-0.000518091
1.84810126582278,1.49367088607595,0.5,-0.00034167618
1.87341772151899,1.49367088607595,0.5,-0.00016367435
1.89873417721519,1.49367088607595,0.5,0.000005953014
1.92405063291139,1.49367088607595,0.5,0.00016037747
1.94936708860759,1.49367088607595,0.5,0.00029654056
1.9746835443038,1.49367088607595,0.5,0.0004125461
2,1.49367088607595,0.5,0.00050916895
0,1.51898734177215,0.5,-0.047767486
0.0253164556962025,1.51898734177215,0.5,-0.046032052
0.0506329113924051,1.51898734177215,0.5,-0.044023175
0.0759493670886076,1.51898734177215,0.5,-0.041763756
0.10126582278481,1.51898734177215,0.5,-0.03928319
0.126582278481013,1.51898734177215,0.5,-0.03661586
0.151898734177215,1.51898734177215,0.5,-0.033801403
0.177215189873418,1.51898734177215,0.5,-0.030881628
0.20253164556962,1.51898734177215,0.5,-0.027900144
0.227848101265823,1.51898734177215,0.5,-0.024899796
0.253164556962025,1.51898734177215,0.5,-0.021921527
0.278481012658228,1.51898734177215,0.5,-0.019001115
0.30379746835443,1.51898734177215,0.5,-0.01616859
0.329113924050633,1.51898734177215,0.5,-0.013445448
0.354430379746835,1.51898734177215,0.5,-0.010843884
0.379746835443038,1.51898734177215,0.5,-0.0083651915
0.405063291139241,1.51898734177215,0.5,-0.005999442
0.430379746835443,1.51898734177215,0.5,-0.0037238896
0.455696202531646,1.51898734177215,0.5,-0.0015047863
0.481012658227848,1.51898734177215,0.5,0.00070376694
0.506329113924051,1.51898734177215,0.5,0.0029568374
0.531645569620253,1.51898734177215,0.5,0.005317133
0.556962025316456,1.51898734177215,0.5,0.007851269
0.582278481012658,1.51898734177215,0.5,0.010624232
0.607594936708861,1.51898734177215,0.5,0.01369451
0.632911392405063,1.51898734177215,0.5,0.017107021
0.658227848101266,1.51898734177215,0.5,0.020886267
0.683544303797468,1.51898734177215,0.5,0.02503007
0.708860759493671,1.51898734177215,0.5,0.029505892
0.734177215189873,1.51898734177215,0.5,0.034248233
0.759493670886076,1.51898734177215,0.5,0.039160307
0.784810126582278,1.51898734177215,0.5,0.04411905
0.810126582278481,1.51898734177215,0.5,0.0489818
0.835443037974684,1.51898734177215,0.5,0.053597037
0.860759493670886,1.51898734177215,0.5,0.057814132
0.886075949367089,1.51898734177215,0.5,0.061494075
0.911392405063291,1.51898734177215,0.5,0.064518556
0.936708860759494,1.51898734177215,0.5,0.066796765
0.962025316455696,1.51898734177215,0.5,0.068269
0.987341772151899,1.51898734177215,0.5,0.068908975
1.0126582278481,1.51898734177215,0.5,0.068721846
1.0379746835443,1.51898734177215,0.5,0.067739844
1.06329113924051,1.51898734177215,0.5,0.06601736
1.08860759493671,1.51898734177215,0.5,0.06362422
1.11392405063291,1.51898734177215,0.5,0.060640663
1.13924050632911,1.51898734177215,0.5,0.057153165
1.16455696202532,1.51898734177215,0.5,0.053252965
1.18987341772152,1.51898734177215,0.5,0.04903553
1.21518987341772,1.51898734177215,0.5,0.04460116
1.24050632911392,1.51898734177215,0.5,0.040054042
1.26582278481013,1.51898734177215,0.5,0.035499807
1.29113924050633,1.51898734177215,0.5,0.03104055
1.31645569620253,1.51898734177215,0.5,0.02676864
1.34177215189873,1.51898734177215,0.5,0.022760162
1.36708860759494,1.51898734177215,0.5,0.019070059
1.39240506329114,1.51898734177215,0.5,0.015729897
1.41772151898734,1.51898734177215,0.5,0.012750488
1.44303797468354,1.51898734177215,0.5,0.010124851
1.46835443037975,1.51898734177215,0.5,0.007835291
1.49367088607595,1.51898734177215,0.5,0.0058587603
1.51898734177215,1.51898734177215,0.5,0.004171647
1.54430379746835,1.51898734177215,0.5,0.002752401
1.56962025316456,1.51898734177215,0.5,0.001581803
1.59493670886076,1.51898734177215,0.5,0.00064340606
1.62025316455696,1.51898734177215,0.5,-0.00007947534
1.64556962025316,1.51898734177215,0.5,-0.000604026
1.67088607594937,1.51898734177215,0.5,-0.00095070153
1.69620253164557,1.51898734177215,0.5,-0.0011417791
1.72151898734177,1.51898734177215,0.5,-0.0012024492
1.74683544303797,1.51898734177215,0.5,-0.0011587255
1.77215189873418,1.51898734177215,0.5,-0.0010369681
1.79746835443038,1.51898734177215,0.5,-0.0008621551
1.82278481012658,1.51898734177215,0.5,-0.000656493
1.84810126582278,1.51898734177215,0.5,-0.0004388243
1.87341772151899,1.51898734177215,0.5,-0.00022406876
1.89873417721519,1.51898734177215,0.5,-0.000023134053
1.92405063291139,1.51898734177215,0.5,0.00015708804
1.94936708860759,1.51898734177215,0.5,0.00031253695
1.9746835443038,1.51898734177215,0.5,0.00044173002
2,1.51898734177215,0.5,0.0005456582
0,1.54430379746835,0.5,-0.046183627
0.0253164556962025,1.54430379746835,0.5,-0.044105966
0.0506329113924051,1.54430379746835,0.5,-0.041796815
0.0759493670886076,1.54430379746835,0.5,-0.039286923
0.10126582278481,1.54430379746835,0.5,-0.036612067
0.126582278481013,1.54430379746835,0.5,-0.033811685
0.151898734177215,1.54430379746835,0.5,-0.030928481
0.177215189873418,1.54430379746835,0.5,-0.0280057
0.20253164556962,1.54430379746835,0.5,-0.025086239
0.227848101265823,1.54430379746835,0.5,-0.022210687
0.253164556962025,1.54430379746835,0.5,-0.019415103
0.278481012658228,1.54430379746835,0.5,-0.016730115
0.30379746835443,1.54430379746835,0.5,-0.014178753
0.329113924050633,1.54430379746835,0.5,-0.011775862
0.354430379746835,1.54430379746835,0.5,-0.009526283
0.379746835443038,1.54430379746835,0.5,-0.007425502
0.405063291139241,1.54430379746835,0.5,-0.005458001
0.430379746835443,1.54430379746835,0.5,-0.0035979152
0.455696202531646,1.54430379746835,0.5,-0.0018098503
0.481012658227848,1.54430379746835,0.5,-0.00004868582
0.506329113924051,1.54430379746835,0.5,0.0017371103
0.531645569620253,1.54430379746835,0.5,0.0036043264
0.556962025316456,1.54430379746835,0.5,0.0056105014
0.582278481012658,1.54430379746835,0.5,0.0078103747
0.607594936708861,1.54430379746835,0.5,0.010250108
0.632911392405063,1.54430379746835,0.5,0.012963021
0.658227848101266,1.54430379746835,0.5,0.015963428
0.683544303797468,1.54430379746835,0.5,0.01924317
0.708860759493671,1.54430379746835,0.5,0.022769313
0.734177215189873,1.54430379746835,0.5,0.026484212
0.759493670886076,1.54430379746835,0.5,0.030306976
0.784810126582278,1.54430379746835,0.5,0.034139432
0.810126582278481,1.54430379746835,0.5,0.037871793
0.835443037974684,1.54430379746835,0.5,0.041390713
0.860759493670886,1.54430379746835,0.5,0.044586334
0.886075949367089,1.54430379746835,0.5,0.047360178
0.911392405063291,1.54430379746835,0.5,0.049630035
0.936708860759494,1.54430379746835,0.5,0.051334903
0.962025316455696,1.54430379746835,0.5,0.05243652
0.987341772151899,1.54430379746835,0.5,0.052919388
1.0126582278481,1.54430379746835,0.5,0.052790184
1.0379746835443,1.54430379746835,0.5,0.05207242
1.06329113924051,1.54430379746835,0.5,0.050804205
1.08860759493671,1.54430379746835,0.5,0.04903248
1.11392405063291,1.54430379746835,0.5,0.04680968
1.13924050632911,1.54430379746835,0.5,0.044192836
1.16455696202532,1.54430379746835,0.5,0.041241914
1.18987341772152,1.54430379746835,0.5,0.0380223
1.21518987341772,1.54430379746835,0.5,0.03460508
1.24050632911392,1.54430379746835,0.5,0.031068655
1.26582278481013,1.54430379746835,0.5,0.027496595
1.29113924050633,1.54430379746835,0.5,0.02397343
1.31645569620253,1.54430379746835,0.5,0.02057965
1.34177215189873,1.54430379746835,0.5,0.017383909
1.36708860759494,1.54430379746835,0.5,0.014438253
1.39240506329114,1.54430379746835,0.5,0.011774635
1.41772151898734,1.54430379746835,0.5,0.009404967
1.44303797468354,1.54430379746835,0.5,0.007324947
1.46835443037975,1.54430379746835,0.5,0.005518444
1.49367088607595,1.54430379746835,0.5,0.0039639175
1.51898734177215,1.54430379746835,0.5,0.0026388094
1.54430379746835,1.54430379746835,0.5,0.0015234239
1.56962025316456,1.54430379746835,0.5,0.0006015003
1.59493670886076,1.54430379746835,0.5,-0.00013900176
1.62025316455696,1.54430379746835,0.5,-0.00070864335
1.64556962025316,1.54430379746835,0.5,-0.001117818
1.67088607594937,1.54430379746835,0.5,-0.0013784282
1.69620253164557,1.54430379746835,0.5,-0.0015052147
1.72151898734177,1.54430379746835,0.5,-0.0015160032
1.74683544303797,1.54430379746835,0.5,-0.0014312975
1.77215189873418,1.54430379746835,0.5,-0.0012731291
1.79746835443038,1.54430379746835,0.5,-0.0010637902
1.82278481012658,1.54430379746835,0.5,-0.0008240044
1.84810126582278,1.54430379746835,0.5,-0.0005727373
1.87341772151899,1.54430379746835,0.5,-0.00032534078
1.89873417721519,1.54430379746835,0.5,-0.00009408593
1.92405063291139,1.54430379746835,0.5,0.00011321157
1.94936708860759,1.54430379746835,0.5,0.00029149652
1.9746835443038,1.54430379746835,0.5,0.00043887645
2,1.54430379746835,0.5,0.0005556606
0,1.56962025316456,0.5,-0.04390922
0.0253164556962025,1.56962025316456,0.5,-0.041542005
0.0506329113924051,1.56962025316456,0.5,-0.038992804
0.0759493670886076,1.56962025316456,0.5,-0.036297884
0.10126582278481,1.56962025316456,0.5,-0.03349706
0.126582278481013,1.56962025316456,0.5,-0.030632924
0.151898734177215,1.56962025316456,0.5,-0.027747948
0.177215189873418,1.56962025316456,0.5,-0.024884585
0.20253164556962,1.56962025316456,0.5,-0.022082608
0.227848101265823,1.56962025316456,0.5,-0.019377593
0.253164556962025,1.56962025316456,0.5,-0.016799841
0.278481012658228,1.56962025316456,0.5,-0.014373187
0.30379746835443,1.56962025316456,0.5,-0.012113474
0.329113924050633,1.56962025316456,0.5,-0.010028336
0.354430379746835,1.56962025316456,0.5,-0.0081163235
0.379746835443038,1.56962025316456,0.5,-0.0063670985
0.405063291139241,1.56962025316456,0.5,-0.0047612824
0.430379746835443,1.56962025316456,0.5,-0.0032703876
0.455696202531646,1.56962025316456,0.5,-0.0018582158
0.481012658227848,1.56962025316456,0.5,-0.00048189983
0.506329113924051,1.56962025316456,0.5,0.00090643205
0.531645569620253,1.56962025316456,0.5,0.0023571476
0.556962025316456,1.56962025316456,0.5,0.0039196834
0.582278481012658,1.56962025316456,0.5,0.0056387093
0.607594936708861,1.56962025316456,0.5,0.0075503793
0.632911392405063,1.56962025316456,0.5,0.009677317
0.658227848101266,1.56962025316456,0.5,0.012026524
0.683544303797468,1.56962025316456,0.5,0.014585691
0.708860759493671,1.56962025316456,0.5,0.017322756
0.734177215189873,1.56962025316456,0.5,0.020187562
0.759493670886076,1.56962025316456,0.5,0.023114333
0.784810126582278,1.56962025316456,0.5,0.026026081
0.810126582278481,1.56962025316456,0.5,0.028840337
0.835443037974684,1.56962025316456,0.5,0.031474408
0.860759493670886,1.56962025316456,0.5,0.033851024
0.886075949367089,1.56962025316456,0.5,0.035902575
0.911392405063291,1.56962025316456,0.5,0.03757472
0.936708860759494,1.56962025316456,0.5,0.038828574
0.962025316455696,1.56962025316456,0.5,0.039641105
0.987341772151899,1.56962025316456,0.5,0.040005073
1.0126582278481,1.56962025316456,0.5,0.039925955
1.0379746835443,1.56962025316456,0.5,0.039420955
1.06329113924051,1.56962025316456,0.5,0.038514942
1.08860759493671,1.56962025316456,0.5,0.03723704
1.11392405063291,1.56962025316456,0.5,0.035619557
1.13924050632911,1.56962025316456,0.5,0.033696104
1.16455696202532,1.56962025316456,0.5,0.031503685
1.18987341772152,1.56962025316456,0.5,0.029083826
1.21518987341772,1.56962025316456,0.5,0.026484929
1.24050632911392,1.56962025316456,0.5,0.023764428
1.26582278481013,1.56962025316456,0.5,0.020987257
1.29113924050633,1.56962025316456,0.5,0.018223198
1.31645569620253,1.56962025316456,0.5,0.015541788
1.34177215189873,1.56962025316456,0.5,0.013005139
1.36708860759494,1.56962025316456,0.5,0.010662932
1.39240506329114,1.56962025316456,0.5,0.008547256
1.41772151898734,1.56962025316456,0.5,0.0066726916
1.44303797468354,1.56962025316456,0.5,0.005036846
1.46835443037975,1.56962025316456,0.5,0.003626231
1.49367088607595,1.56962025316456,0.5,0.002420064
1.51898734177215,1.56962025316456,0.5,0.0013965517
1.54430379746835,1.56962025316456,0.5,0.0005360879
1.56962025316456,1.56962025316456,0.5,-0.00017635152
1.59493670886076,1.56962025316456,0.5,-0.0007511489
1.62025316455696,1.56962025316456,0.5,-0.001194492
1.64556962025316,1.56962025316456,0.5,-0.0015118346
1.67088607594937,1.56962025316456,0.5,-0.0017086267
1.69620253164557,1.56962025316456,0.5,-0.0017924979
1.72151898734177,1.56962025316456,0.5,-0.0017744862
1.74683544303797,1.56962025316456,0.5,-0.001669012
1.77215189873418,1.56962025316456,0.5,-0.0014932454
1.79746835443038,1.56962025316456,0.5,-0.0012658797
1.82278481012658,1.56962025316456,0.5,-0.0010059476
1.84810126582278,1.56962025316456,0.5,-0.00073168427
1.87341772151899,1.56962025316456,0.5,-0.00045914575
1.89873417721519,1.56962025316456,0.5,-0.00020134076
1.92405063291139,1.56962025316456,0.5,0.000031881034
1.94936708860759,1.56962025316456,0.5,0.00023466349
1.9746835443038,1.56962025316456,0.5,0.00040304288
2,1.56962025316456,0.5,0.00053699315
0,1.59493670886076,0.5,-0.041021105
0.0253164556962025,1.59493670886076,0.5,-0.038426835
0.0506329113924051,1.59493670886076,0.5,-0.03570472
0.0759493670886076,1.59493670886076,0.5,-0.03289466
0.10126582278481,1.59493670886076,0.5,-0.030038256
0.126582278481013,1.59493670886076,0.5,-0.027177844
0.151898734177215,1.59493670886076,0.5,-0.024354476
0.177215189873418,1.59493670886076,0.5,-0.0216068
0.20253164556962,1.59493670886076,0.5,-0.01896957
0.227848101265823,1.59493670886076,0.5,-0.016472489
0.253164556962025,1.59493670886076,0.5,-0.014138751
0.278481012658228,1.59493670886076,0.5,-0.0119850375
0.30379746835443,1.59493670886076,0.5,-0.010020118
0.329113924050633,1.59493670886076,0.5,-0.008245144
0.354430379746835,1.59493670886076,0.5,-0.006652873
0.379746835443038,1.59493670886076,0.5,-0.0052283965
0.405063291139241,1.59493670886076,0.5,-0.0039491616
0.430379746835443,1.59493670886076,0.5,-0.0027852766
0.455696202531646,1.59493670886076,0.5,-0.0017011948
0.481012658227848,1.59493670886076,0.5,-0.000656154
0.506329113924051,1.59493670886076,0.5,0.00039352663
0.531645569620253,1.59493670886076,0.5,0.0014918149
0.556962025316456,1.59493670886076,0.5,0.0026805531
0.582278481012658,1.59493670886076,0.5,0.003995862
0.607594936708861,1.59493670886076,0.5,0.005464798
0.632911392405063,1.59493670886076,0.5,0.0071023945
0.658227848101266,1.59493670886076,0.5,0.008909272
0.683544303797468,1.59493670886076,0.5,0.010870839
0.708860759493671,1.59493670886076,0.5,0.01295769
0.734177215189873,1.59493670886076,0.5,0.015126731
0.759493670886076,1.59493670886076,0.5,0.01732532
0.784810126582278,1.59493670886076,0.5,0.019494284
0.810126582278481,1.59493670886076,0.5,0.021573067
0.835443037974684,1.59493670886076,0.5,0.023503432
0.860759493670886,1.59493670886076,0.5,0.025232732
0.886075949367089,1.59493670886076,0.5,0.026716962
0.911392405063291,1.59493670886076,0.5,0.027922377
0.936708860759494,1.59493670886076,0.5,0.028825844
0.962025316455696,1.59493670886076,0.5,0.029415313
0.987341772151899,1.59493670886076,0.5,0.029688278
1.0126582278481,1.59493670886076,0.5,0.029649895
1.0379746835443,1.59493670886076,0.5,0.029311273
1.06329113924051,1.59493670886076,0.5,0.028687743
1.08860759493671,1.59493670886076,0.5,0.027795242
1.11392405063291,1.59493670886076,0.5,0.026650943
1.13924050632911,1.59493670886076,0.5,0.025271878
1.16455696202532,1.59493670886076,0.5,0.02367769
1.18987341772152,1.59493670886076,0.5,0.021892108
1.21518987341772,1.59493670886076,0.5,0.019946083
1.24050632911392,1.59493670886076,0.5,0.017879758
1.26582278481013,1.59493670886076,0.5,0.015742915
1.29113924050633,1.59493670886076,0.5,0.013592243
1.31645569620253,1.59493670886076,0.5,0.011487115
1.34177215189873,1.59493670886076,0.5,0.009483753
1.36708860759494,1.59493670886076,0.5,0.0076290015
1.39240506329114,1.59493670886076,0.5,0.0059557557
1.41772151898734,1.59493670886076,0.5,0.0044801496
1.44303797468354,1.59493670886076,0.5,0.003203325
1.46835443037975,1.59493670886076,0.5,0.002113834
1.49367088607595,1.59493670886076,0.5,0.0011925586
1.51898734177215,1.59493670886076,0.5,0.00041789934
1.54430379746835,1.59493670886076,0.5,-0.00023017824
1.56962025316456,1.59493670886076,0.5,-0.00076682866
1.59493670886076,1.59493670886076,0.5,-0.0012020208
1.62025316455696,1.59493670886076,0.5,-0.0015407279
1.64556962025316,1.59493670886076,0.5,-0.001784604
1.67088607594937,1.59493670886076,0.5,-0.0019345358
1.69620253164557,1.59493670886076,0.5,-0.0019925572
1.72151898734177,1.59493670886076,0.5,-0.001963243
1.74683544303797,1.59493670886076,0.5,-0.0018547922
1.77215189873418,1.59493670886076,0.5,-0.0016788244
1.79746835443038,1.59493670886076,0.5,-0.0014504269
1.82278481012658,1.59493670886076,0.5,-0.0011857487
1.84810126582278,1.59493670886076,0.5,-0.0009015687
1.87341772151899,1.59493670886076,0.5,-0.00061403215
1.89873417721519,1.59493670886076,0.5,-0.000336878
1.92405063291139,1.59493670886076,0.5,-0.00008160621
1.94936708860759,1.59493670886076,0.5,0.00014399737
1.9746835443038,1.59493670886076,0.5,0.00033498555
2,1.59493670886076,0.5,0.0004892014
0,1.62025316455696,0.5,-0.037615445
0.0253164556962025,1.62025316455696,0.5,-0.034863178
0.0506329113924051,1.62025316455696,0.5,-0.032039326
0.0759493670886076,1.62025316455696,0.5,-0.029184878
0.10126582278481,1.62025316455696,0.5,-0.026341166
0.126582278481013,1.62025316455696,0.5,-0.023548145
0.151898734177215,1.62025316455696,0.5,-0.020843219
0.177215189873418,1.62025316455696,0.5,-0.018259276
0.20253164556962,1.62025316455696,0.5,-0.015825585
0.227848101265823,1.62025316455696,0.5,-0.013564587
0.253164556962025,1.62025316455696,0.5,-0.011492457
0.278481012658228,1.62025316455696,0.5,-0.009618744
0.30379746835443,1.62025316455696,0.5,-0.007945996
0.329113924050633,1.62025316455696,0.5,-0.006469313
0.354430379746835,1.62025316455696,0.5,-0.0051769614
0.379746835443038,1.62025316455696,0.5,-0.0040505193
0.405063291139241,1.62025316455696,0.5,-0.0030653514
0.430379746835443,1.62025316455696,0.5,-0.0021911338
0.455696202531646,1.62025316455696,0.5,-0.0013932325
0.481012658227848,1.62025316455696,0.5,-0.00063374825
0.506329113924051,1.62025316455696,0.5,0.0001267232
0.531645569620253,1.62025316455696,0.5,0.00092632324
0.556962025316456,1.62025316455696,0.5,0.0017999485
0.582278481012658,1.62025316455696,0.5,0.0027764384
0.607594936708861,1.62025316455696,0.5,0.003875455
0.632911392405063,1.62025316455696,0.5,0.005105775
0.658227848101266,1.62025316455696,0.5,0.006464027
0.683544303797468,1.62025316455696,0.5,0.007934758
0.708860759493671,1.62025316455696,0.5,0.009491116
0.734177215189873,1.62025316455696,0.5,0.0110975
0.759493670886076,1.62025316455696,0.5,0.012711782
0.784810126582278,1.62025316455696,0.5,0.01428986
0.810126582278481,1.62025316455696,0.5,0.015788302
0.835443037974684,1.62025316455696,0.5,0.017167166
0.860759493670886,1.62025316455696,0.5,0.018392477
0.886075949367089,1.62025316455696,0.5,0.019437674
0.911392405063291,1.62025316455696,0.5,0.020283476
0.936708860759494,1.62025316455696,0.5,0.020918205
0.962025316455696,1.62025316455696,0.5,0.021336667
0.987341772151899,1.62025316455696,0.5,0.021539846
1.0126582278481,1.62025316455696,0.5,0.021532131
1.0379746835443,1.62025316455696,0.5,0.02132029
1.06329113924051,1.62025316455696,0.5,0.020911902
1.08860759493671,1.62025316455696,0.5,0.020314274
1.11392405063291,1.62025316455696,0.5,0.019533478
1.13924050632911,1.62025316455696,0.5,0.018575188
1.16455696202532,1.62025316455696,0.5,0.017446272
1.18987341772152,1.62025316455696,0.5,0.016157642
1.21518987341772,1.62025316455696,0.5,0.014727078
1.24050632911392,1.62025316455696,0.5,0.013181312
1.26582278481013,1.62025316455696,0.5,0.011557059
1.29113924050633,1.62025316455696,0.5,0.009899797
1.31645569620253,1.62025316455696,0.5,0.008259844
1.34177215189873,1.62025316455696,0.5,0.006687399
1.36708860759494,1.62025316455696,0.5,0.0052260943
1.39240506329114,1.62025316455696,0.5,0.003908897
1.41772151898734,1.62025316455696,0.5,0.0027540121
1.44303797468354,1.62025316455696,0.5,0.0017654225
1.46835443037975,1.62025316455696,0.5,0.00093441457
1.49367088607595,1.62025316455696,0.5,0.00024371967
1.51898734177215,1.62025316455696,0.5,-0.00032741204
1.54430379746835,1.62025316455696,0.5,-0.0007996522
1.56962025316456,1.62025316455696,0.5,-0.001189094
1.59493670886076,1.62025316455696,0.5,-0.0015067011
1.62025316455696,1.62025316455696,0.5,-0.0017573051
1.64556962025316,1.62025316455696,0.5,-0.0019411333
1.67088607594937,1.62025316455696,0.5,-0.0020564385
1.69620253164557,1.62025316455696,0.5,-0.0021003522
1.72151898734177,1.62025316455696,0.5,-0.0020724647
1.74683544303797,1.62025316455696,0.5,-0.0019751042
1.77215189873418,1.62025316455696,0.5,-0.001814682
1.79746835443038,1.62025316455696,0.5,-0.0016008914
1.82278481012658,1.62025316455696,0.5,-0.0013468489
1.84810126582278,1.62025316455696,0.5,-0.0010671616
1.87341772151899,1.62025316455696,0.5,-0.0007766299
1.89873417721519,1.62025316455696,0.5,-0.0004903078
1.92405063291139,1.62025316455696,0.5,-0.00021963939
1.94936708860759,1.62025316455696,0.5,0.000025078654
1.9746835443038,1.62025316455696,0.5,0.00023704022
2,1.62025316455696,0.5,0.000412222
0,1.64556962025316,0.5,-0.033803698
0.0253164556962025,1.64556962025316,0.5,-0.03096494
0.0506329113924051,1.64556962025316,0.5,-0.028110612
0.0759493670886076,1.64556962025316,0.5,-0.025280345
0.10126582278481,1.64556962025316,0.5,-0.022512935
0.126582278481013,1.64556962025316,0.5,-0.019843973
0.151898734177215,1.64556962025316,0.5,-0.017305616
0.177215189873418,1.64556962025316,0.5,-0.014925081
0.20253164556962,1.64556962025316,0.5,-0.012724109
0.227848101265823,1.64556962025316,0.5,-0.010718569
0.253164556962025,1.64556962025316,0.5,-0.008917671
0.278481012658228,1.64556962025316,0.5,-0.007324815
0.30379746835443,1.64556962025316,0.5,-0.005936537
0.329113924050633,1.64556962025316,0.5,-0.004743412
0.354430379746835,1.64556962025316,0.5,-0.0037300624
0.379746835443038,1.64556962025316,0.5,-0.0028756373
0.405063291139241,1.64556962025316,0.5,-0.0021542795
0.430379746835443,1.64556962025316,0.5,-0.0015362315
0.455696202531646,1.64556962025316,0.5,-0.0009877644
0.481012658227848,1.64556962025316,0.5,-0.00047445297
0.506329113924051,1.64556962025316,0.5,0.000039184466
0.531645569620253,1.64556962025316,0.5,0.0005856808
0.556962025316456,1.64556962025316,0.5,0.0011946522
0.582278481012658,1.64556962025316,0.5,0.0018876567
0.607594936708861,1.64556962025316,0.5,0.0026794001
0.632911392405063,1.64556962025316,0.5,0.003573794
0.658227848101266,1.64556962025316,0.5,0.0045647267
0.683544303797468,1.64556962025316,0.5,0.005636759
0.708860759493671,1.64556962025316,0.5,0.0067662094
0.734177215189873,1.64556962025316,0.5,0.007923314
0.759493670886076,1.64556962025316,0.5,0.009075806
0.784810126582278,1.64556962025316,0.5,0.010190718
0.810126582278481,1.64556962025316,0.5,0.011237919
0.835443037974684,1.64556962025316,0.5,0.012191378
0.860759493670886,1.64556962025316,0.5,0.013030548
0.886075949367089,1.64556962025316,0.5,0.01374073
0.911392405063291,1.64556962025316,0.5,0.014313348
0.936708860759494,1.64556962025316,0.5,0.01474403
0.962025316455696,1.64556962025316,0.5,0.015032975
0.987341772151899,1.64556962025316,0.5,0.0151823005
1.0126582278481,1.64556962025316,0.5,0.015196052
1.0379746835443,1.64556962025316,0.5,0.015077787
1.06329113924051,1.64556962025316,0.5,0.014829861
1.08860759493671,1.64556962025316,0.5,0.014453191
1.11392405063291,1.64556962025316,0.5,0.013946325
1.13924050632911,1.64556962025316,0.5,0.013307363
1.16455696202532,1.64556962025316,0.5,0.012534834
1.18987341772152,1.64556962025316,0.5,0.011630312
1.21518987341772,1.64556962025316,0.5,0.010601822
1.24050632911392,1.64556962025316,0.5,0.00946586
1.26582278481013,1.64556962025316,0.5,0.008248974
1.29113924050633,1.64556962025316,0.5,0.0069865044
1.31645569620253,1.64556962025316,0.5,0.005720699
1.34177215189873,1.64556962025316,0.5,0.004495535
1.36708860759494,1.64556962025316,0.5,0.0033515766
1.39240506329114,1.64556962025316,0.5,0.0023206994
1.41772151898734,1.64556962025316,0.5,0.0014230199
1.44303797468354,1.64556962025316,0.5,0.0006647371
1.46835443037975,1.64556962025316,0.5,0.000040542334
1.49367088607595,1.64556962025316,0.5,-0.0004647225
1.51898734177215,1.64556962025316,0.5,-0.0008708015
1.54430379746835,1.64556962025316,0.5,-0.0011984967
1.56962025316456,1.64556962025316,0.5,-0.0014651604
1.59493670886076,1.64556962025316,0.5,-0.0016832314
1.62025316455696,1.64556962025316,0.5,-0.0018587783
1.64556962025316,1.64556962025316,0.5,-0.001992084
1.67088607594937,1.64556962025316,0.5,-0.002079863
1.69620253164557,1.64556962025316,0.5,-0.002116952
1.72151898734177,1.64556962025316,0.5,-0.0020984523
1.74683544303797,1.64556962025316,0.5,-0.0020220354
1.77215189873418,1.64556962025316,0.5,-0.0018885024
1.79746835443038,1.64556962025316,0.5,-0.0017028227
1.82278481012658,1.64556962025316,0.5,-0.0014736094
1.84810126582278,1.64556962025316,0.5,-0.0012126565
1.87341772151899,1.64556962025316,0.5,-0.00093304366
1.89873417721519,1.64556962025316,0.5,-0.0006484948
1.92405063291139,1.64556962025316,0.5,-0.00037218258
1.94936708860759,1.64556962025316,0.5,-0.000115219504
1.9746835443038,1.64556962025316,0.5,0.000113811344
2,1.64556962025316,0.5,0.00030857325
0,1.67088607594937,0.5,-0.029704992
0.0253164556962025,1.67088607594937,0.5,-0.026851386
0.0506329113924051,1.67088607594937,0.5,-0.0240344
0.0759493670886076,1.67088607594937,0.5,-0.021291286
0.10126582278481,1.67088607594937,0.5,-0.018656056
0.126582278481013,1.67088607594937,0.5,-0.016159352
0.151898734177215,1.67088607594937,0.5,-0.013826862
0.177215189873418,1.67088607594937,0.5,-0.011679195
0.20253164556962,1.67088607594937,0.5,-0.009731155
0.227848101265823,1.67088607594937,0.5,-0.007991999
0.253164556962025,1.67088607594937,0.5,-0.006465167
0.278481012658228,1.67088607594937,0.5,-0.005147945
0.30379746835443,1.67088607594937,0.5,-0.0040328167
0.329113924050633,1.67088607594937,0.5,-0.0031062178
0.354430379746835,1.67088607594937,0.5,-0.0023503415
0.379746835443038,1.67088607594937,0.5,-0.0017428286
0.405063291139241,1.67088607594937,0.5,-0.0012572892
0.430379746835443,1.67088607594937,0.5,-0.0008644387
0.455696202531646,1.67088607594937,0.5,-0.0005330723
0.481012658227848,1.67088607594937,0.5,-0.00023122877
0.506329113924051,1.67088607594937,0.5,0.00007238425
0.531645569620253,1.67088607594937,0.5,0.00040607713
0.556962025316456,1.67088607594937,0.5,0.00079348683
0.582278481012658,1.67088607594937,0.5,0.0012520459
0.607594936708861,1.67088607594937,0.5,0.0017909519
0.632911392405063,1.67088607594937,0.5,0.002411209
0.658227848101266,1.67088607594937,0.5,0.0031054337
0.683544303797468,1.67088607594937,0.5,0.0038582347
0.708860759493671,1.67088607594937,0.5,0.0046491046
0.734177215189873,1.67088607594937,0.5,0.0054534674
0.759493670886076,1.67088607594937,0.5,0.006246712
0.784810126582278,1.67088607594937,0.5,0.0070046745
0.810126582278481,1.67088607594937,0.5,0.0077068284
0.835443037974684,1.67088607594937,0.5,0.0083372705
0.860759493670886,1.67088607594937,0.5,0.008884996
0.886075949367089,1.67088607594937,0.5,0.009343769
0.911392405063291,1.67088607594937,0.5,0.009711672
0.936708860759494,1.67088607594937,0.5,0.009989833
0.962025316455696,1.67088607594937,0.5,0.010181176
0.987341772151899,1.67088607594937,0.5,0.010289134
1.0126582278481,1.67088607594937,0.5,0.010316726
1.0379746835443,1.67088607594937,0.5,0.0102653615
1.06329113924051,1.67088607594937,0.5,0.010134008
1.08860759493671,1.67088607594937,0.5,0.009919075
1.11392405063291,1.67088607594937,0.5,0.00961482
1.13924050632911,1.67088607594937,0.5,0.00921396
1.16455696202532,1.67088607594937,0.5,0.00870936
1.18987341772152,1.67088607594937,0.5,0.008096915
1.21518987341772,1.67088607594937,0.5,0.00737758
1.24050632911392,1.67088607594937,0.5,0.006560415
1.26582278481013,1.67088607594937,0.5,0.0056635197
1.29113924050633,1.67088607594937,0.5,0.0047144555
1.31645569620253,1.67088607594937,0.5,0.0037477333
1.34177215189873,1.67088607594937,0.5,0.0028016772
1.36708860759494,1.67088607594937,0.5,0.0019129775
1.39240506329114,1.67088607594937,0.5,0.0011123028
1.41772151898734,1.67088607594937,0.5,0.00042043254
1.44303797468354,1.67088607594937,0.5,-0.00015377626
1.46835443037975,1.67088607594937,0.5,-0.0006133355
1.49367088607595,1.67088607594937,0.5,-0.00097068027
1.51898734177215,1.67088607594937,0.5,-0.001244083
1.54430379746835,1.67088607594937,0.5,-0.0014539436
1.56962025316456,1.67088607594937,0.5,-0.0016186424
1.59493670886076,1.67088607594937,0.5,-0.0017521493
1.62025316455696,1.67088607594937,0.5,-0.0018625893
1.64556962025316,1.67088607594937,0.5,-0.00195143
1.67088607594937,1.67088607594937,0.5,-0.0020155273
1.69620253164557,1.67088607594937,0.5,-0.0020486116
1.72151898734177,1.67088607594937,0.5,-0.002043169
1.74683544303797,1.67088607594937,0.5,-0.001992818
1.77215189873418,1.67088607594937,0.5,-0.0018936619
1.79746835443038,1.67088607594937,0.5,-0.0017457753
1.82278481012658,1.67088607594937,0.5,-0.0015532672
1.84810126582278,1.67088607594937,0.5,-0.0013238862
1.87341772151899,1.67088607594937,0.5,-0.0010681637
1.89873417721519,1.67088607594937,0.5,-0.0007986389
1.92405063291139,1.67088607594937,0.5,-0.0005274862
1.94936708860759,1.67088607594937,0.5,-0.00026728958
1.9746835443038,1.67088607594937,0.5,-0.000027846545
2,1.67088607594937,0.5,0.00018256903
0,1.69620253164557,0.5,-0.02544126
0.0253164556962025,1.69620253164557,0.5,-0.02263973
0.0506329113924051,1.69620253164557,0.5,-0.019922137
0.0759493670886076,1.69620253164557,0.5,-0.01732114
0.10126582278481,1.69620253164557,0.5,-0.014865331
0.126582278481013,1.69620253164557,0.5,-0.012578975
0.151898734177215,1.69620253164557,0.5,-0.010481507
0.177215189873418,1.69620253164557,0.5,-0.00858663
0.20253164556962,1.69620253164557,0.5,-0.0069031753
0.227848101265823,1.69620253164557,0.5,-0.0054340586
0.253164556962025,1.69620253164557,0.5,-0.0041775405
0.278481012658228,1.69620253164557,0.5,-0.003126856
0.30379746835443,1.69620253164557,0.5,-0.0022698343
0.329113924050633,1.69620253164557,0.5,-0.001591254
0.354430379746835,1.69620253164557,0.5,-0.0010707639
0.379746835443038,1.69620253164557,0.5,-0.00068547577
0.405063291139241,1.69620253164557,0.5,-0.00040913
0.430379746835443,1.69620253164557,0.5,-0.00021370128
0.455696202531646,1.69620253164557,0.5,-0.00006964989
0.481012658227848,1.69620253164557,0.5,0.00005184114
0.506329113924051,1.69620253164557,0.5,0.00017856061
0.531645569620253,1.69620253164557,0.5,0.00033468194
0.556962025316456,1.69620253164557,0.5,0.0005394872
0.582278481012658,1.69620253164557,0.5,0.0008062236
0.607594936708861,1.69620253164557,0.5,0.0011404678
0.632911392405063,1.69620253164557,0.5,0.0015410073
0.658227848101266,1.69620253164557,0.5,0.001999341
0.683544303797468,1.69620253164557,0.5,0.002500927
0.708860759493671,1.69620253164557,0.5,0.003027901
0.734177215189873,1.69620253164557,0.5,0.0035604294
0.759493670886076,1.69620253164557,0.5,0.00407918
0.784810126582278,1.69620253164557,0.5,0.004566701
0.810126582278481,1.69620253164557,0.5,0.0050096884
0.835443037974684,1.69620253164557,0.5,0.0053993575
0.860759493670886,1.69620253164557,0.5,0.0057308227
0.886075949367089,1.69620253164557,0.5,0.006004043
0.911392405063291,1.69620253164557,0.5,0.0062211864
0.936708860759494,1.69620253164557,0.5,0.0063868742
0.962025316455696,1.69620253164557,0.5,0.006505735
0.987341772151899,1.69620253164557,0.5,0.006581759
1.0126582278481,1.69620253164557,0.5,0.00661744
1.0379746835443,1.69620253164557,0.5,0.00661234
1.06329113924051,1.69620253164557,0.5,0.0065636
1.08860759493671,1.69620253164557,0.5,0.006464377
1.11392405063291,1.69620253164557,0.5,0.0063064843
1.13924050632911,1.69620253164557,0.5,0.0060791187
1.16455696202532,1.69620253164557,0.5,0.0057722554
1.18987341772152,1.69620253164557,0.5,0.005377762
1.21518987341772,1.69620253164557,0.5,0.004892228
1.24050632911392,1.69620253164557,0.5,0.0043190364
1.26582278481013,1.69620253164557,0.5,0.0036704987
1.29113924050633,1.69620253164557,0.5,0.0029671956
1.31645569620253,1.69620253164557,0.5,0.0022374988
1.34177215189873,1.69620253164557,0.5,0.0015139896
1.36708860759494,1.69620253164557,0.5,0.00082979165
1.39240506329114,1.69620253164557,0.5,0.00021354295
1.41772151898734,1.69620253164557,0.5,-0.00031366572
1.44303797468354,1.69620253164557,0.5,-0.0007416494
1.46835443037975,1.69620253164557,0.5,-0.0010705814
1.49367088607595,1.69620253164557,0.5,-0.0013103522
1.51898734177215,1.69620253164557,0.5,-0.001477778
1.54430379746835,1.69620253164557,0.5,-0.0015920289
1.56962025316456,1.69620253164557,0.5,-0.00167251
1.59493670886076,1.69620253164557,0.5,-0.0017342493
1.62025316455696,1.69620253164557,0.5,-0.0017875992
1.64556962025316,1.69620253164557,0.5,-0.0018361397
1.67088607594937,1.69620253164557,0.5,-0.0018780157
1.69620253164557,1.69620253164557,0.5,-0.0019068755
1.72151898734177,1.69620253164557,0.5,-0.0019137785
1.74683544303797,1.69620253164557,0.5,-0.0018902272
1.77215189873418,1.69620253164557,0.5,-0.0018283501
1.79746835443038,1.69620253164557,0.5,-0.001723852
1.82278481012658,1.69620253164557,0.5,-0.0015762113
1.84810126582278,1.69620253164557,0.5,-0.0013889223
1.87341772151899,1.69620253164557,0.5,-0.00116916
1.89873417721519,1.69620253164557,0.5,-0.0009268299
1.92405063291139,1.69620253164557,0.5,-0.00067315996
1.94936708860759,1.69620253164557,0.5,-0.00042015314
1.9746835443038,1.69620253164557,0.5,-0.00017923117
2,1.69620253164557,0.5,0.0000404194
0,1.72151898734177,0.5,-0.021130335
0.0253164556962025,1.72151898734177,0.5,-0.018441185
0.0506329113924051,1.72151898734177,0.5,-0.015876256
0.0759493670886076,1.72151898734177,0.5,-0.013462555
0.10126582278481,1.72151898734177,0.5,-0.011222962
0.126582278481013,1.72151898734177,0.5,-0.009174887
0.151898734177215,1.72151898734177,0.5,-0.0073317215
0.177215189873418,1.72151898734177,0.5,-0.00570105
0.20253164556962,1.72151898734177,0.5,-0.004285615
0.227848101265823,1.72151898734177,0.5,-0.0030837469
0.253164556962025,1.72151898734177,0.5,-0.002088897
0.278481012658228,1.72151898734177,0.5,-0.001290787
0.30379746835443,1.72151898734177,0.5,-0.0006751567
0.329113924050633,1.72151898734177,0.5,-0.00022414513
0.354430379746835,1.72151898734177,0.5,0.000083265826
0.379746835443038,1.72151898734177,0.5,0.0002704095
0.405063291139241,1.72151898734177,0.5,0.00036269054
0.430379746835443,1.72151898734177,0.5,0.00038711727
0.455696202531646,1.72151898734177,0.5,0.0003711786
0.481012658227848,1.72151898734177,0.5,0.00034081563
0.506329113924051,1.72151898734177,0.5,0.0003208127
0.531645569620253,1.72151898734177,0.5,0.00033116154
0.556962025316456,1.72151898734177,0.5,0.00038811564
0.582278481012658,1.72151898734177,0.5,0.0005010497
0.607594936708861,1.72151898734177,0.5,0.00067297183
0.632911392405063,1.72151898734177,0.5,0.00090073794
0.658227848101266,1.72151898734177,0.5,0.0011756942
0.683544303797468,1.72151898734177,0.5,0.0014838055
0.708860759493671,1.72151898734177,0.5,0.0018096007
0.734177215189873,1.72151898734177,0.5,0.0021366943
0.759493670886076,1.72151898734177,0.5,0.0024499
0.784810126582278,1.72151898734177,0.5,0.002736833
0.810126582278481,1.72151898734177,0.5,0.0029892419
0.835443037974684,1.72151898734177,0.5,0.003202783
0.860759493670886,1.72151898734177,0.5,0.0033773351
0.886075949367089,1.72151898734177,0.5,0.003515957
0.911392405063291,1.72151898734177,0.5,0.0036243033
0.936708860759494,1.72151898734177,0.5,0.0037084296
0.962025316455696,1.72151898734177,0.5,0.0037740376
0.987341772151899,1.72151898734177,0.5,0.0038257893
1.0126582278481,1.72151898734177,0.5,0.0038653146
1.0379746835443,1.72151898734177,0.5,0.0038910937
1.06329113924051,1.72151898734177,0.5,0.0038989186
1.08860759493671,1.72151898734177,0.5,0.003880538
1.11392405063291,1.72151898734177,0.5,0.003825616
1.13924050632911,1.72151898734177,0.5,0.0037221797
1.16455696202532,1.72151898734177,0.5,0.0035579167
1.18987341772152,1.72151898734177,0.5,0.0033227168
1.21518987341772,1.72151898734177,0.5,0.0030102711
1.24050632911392,1.72151898734177,0.5,0.0026204549
1.26582278481013,1.72151898734177,0.5,0.0021611638
1.29113924050633,1.72151898734177,0.5,0.001647614
1.31645569620253,1.72151898734177,0.5,0.0011029802
1.34177215189873,1.72151898734177,0.5,0.0005550366
1.36708860759494,1.72151898734177,0.5,0.0000331942
1.39240506329114,1.72151898734177,0.5,-0.0004361514
1.41772151898734,1.72151898734177,0.5,-0.0008324422
1.44303797468354,1.72151898734177,0.5,-0.0011442639
1.46835443037975,1.72151898734177,0.5,-0.0013700873
1.49367088607595,1.72151898734177,0.5,-0.0015171096
1.51898734177215,1.72151898734177,0.5,-0.0016001947
1.54430379746835,1.72151898734177,0.5,-0.0016377755
1.56962025316456,1.72151898734177,0.5,-0.0016488209
1.59493670886076,1.72151898734177,0.5,-0.0016497895
1.62025316455696,1.72151898734177,0.5,-0.0016530342
1.64556962025316,1.72151898734177,0.5,-0.0016641133
1.67088607594937,1.72151898734177,0.5,-0.0016830377
1.69620253164557,1.72151898734177,0.5,-0.0017050132
1.72151898734177,1.72151898734177,0.5,-0.001721412
1.74683544303797,1.72151898734177,0.5,-0.0017217621
1.77215189873418,1.72151898734177,0.5,-0.0016959719
1.79746835443038,1.72151898734177,0.5,-0.0016362257
1.82278481012658,1.72151898734177,0.5,-0.0015376098
1.84810126582278,1.72151898734177,0.5,-0.0013995022
1.87341772151899,1.72151898734177,0.5,-0.001225058
1.89873417721519,1.72151898734177,0.5,-0.0010210499
1.92405063291139,1.72151898734177,0.5,-0.00079644844
1.94936708860759,1.72151898734177,0.5,-0.00056226924
1.9746835443038,1.72151898734177,0.5,-0.00032975525
2,1.72151898734177,0.5,-0.00010940805
0,1.74683544303797,0.5,-0.016879924
0.0253164556962025,1.74683544303797,0.5,-0.014354434
0.0506329113924051,1.74683544303797,0.5,-0.011985406
0.0759493670886076,1.74683544303797,0.5,-0.009794194
0.10126582278481,1.74683544303797,0.5,-0.0077966824
0.126582278481013,1.74683544303797,0.5,-0.0060054623
0.151898734177215,1.74683544303797,0.5,-0.00442655
0.177215189873418,1.74683544303797,0.5,-0.0030629635
0.20253164556962,1.74683544303797,0.5,-0.0019123256
0.227848101265823,1.74683544303797,0.5,-0.00096878037
0.253164556962025,1.74683544303797,0.5,-0.0002227407
0.278481012658228,1.74683544303797,0.5,0.0003390368
0.30379746835443,1.74683544303797,0.5,0.0007326603
0.329113924050633,1.74683544303797,0.5,0.0009774175
0.354430379746835,1.74683544303797,0.5,0.0010941885
0.379746835443038,1.74683544303797,0.5,0.0011067055
0.405063291139241,1.74683544303797,0.5,0.0010393728
0.430379746835443,1.74683544303797,0.5,0.00091791525
0.455696202531646,1.74683544303797,0.5,0.000767339
0.481012658227848,1.74683544303797,0.5,0.00061159395
0.506329113924051,1.74683544303797,0.5,0.0004717484
0.531645569620253,1.74683544303797,0.5,0.00036573038
0.556962025316456,1.74683544303797,0.5,0.0003057178
0.582278481012658,1.74683544303797,0.5,0.00029858574
0.607594936708861,1.74683544303797,0.5,0.00034538843
0.632911392405063,1.74683544303797,0.5,0.00044126064
0.658227848101266,1.74683544303797,0.5,0.00057690963
0.683544303797468,1.74683544303797,0.5,0.00073997304
0.708860759493671,1.74683544303797,0.5,0.0009163562
0.734177215189873,1.74683544303797,0.5,0.0010920689
0.759493670886076,1.74683544303797,0.5,0.0012553073
0.784810126582278,1.74683544303797,0.5,0.0013970546
0.810126582278481,1.74683544303797,0.5,0.001512399
0.835443037974684,1.74683544303797,0.5,0.0016003102
0.860759493670886,1.74683544303797,0.5,0.0016633086
0.886075949367089,1.74683544303797,0.5,0.001707036
0.911392405063291,1.74683544303797,0.5,0.0017383583
0.936708860759494,1.74683544303797,0.5,0.001764629
0.962025316455696,1.74683544303797,0.5,0.0017921701
0.987341772151899,1.74683544303797,0.5,0.0018256344
1.0126582278481,1.74683544303797,0.5,0.0018660855
1.0379746835443,1.74683544303797,0.5,0.0019118004
1.06329113924051,1.74683544303797,0.5,0.001957044
1.08860759493671,1.74683544303797,0.5,0.00199328
1.11392405063291,1.74683544303797,0.5,0.0020089783
1.13924050632911,1.74683544303797,0.5,0.00199157
1.16455696202532,1.74683544303797,0.5,0.0019275844
1.18987341772152,1.74683544303797,0.5,0.0018058866
1.21518987341772,1.74683544303797,0.5,0.0016187839
1.24050632911392,1.74683544303797,0.5,0.001363853
1.26582278481013,1.74683544303797,0.5,0.0010455567
1.29113924050633,1.74683544303797,0.5,0.000675831
1.31645569620253,1.74683544303797,0.5,0.00027318485
1.34177215189873,1.74683544303797,0.5,-0.00013861433
1.36708860759494,1.74683544303797,0.5,-0.0005335193
1.39240506329114,1.74683544303797,0.5,-0.0008874722
1.41772151898734,1.74683544303797,0.5,-0.0011808351
1.44303797468354,1.74683544303797,0.5,-0.0014014542
1.46835443037975,1.74683544303797,0.5,-0.0015462227
1.49367088607595,1.74683544303797,0.5,-0.0016206838
1.51898734177215,1.74683544303797,0.5,-0.0016375519
1.54430379746835,1.74683544303797,0.5,-0.0016138367
1.56962025316456,1.74683544303797,0.5,-0.0015680864
1.59493670886076,1.74683544303797,0.5,-0.0015179515
1.62025316455696,1.74683544303797,0.5,-0.0014765337
1.64556962025316,1.74683544303797,0.5,-0.0014522932
1.67088607594937,1.74683544303797,0.5,-0.0014476441
1.69620253164557,1.74683544303797,0.5,-0.0014592595
1.72151898734177,1.74683544303797,0.5,-0.0014796406
1.74683544303797,1.74683544303797,0.5,-0.0014984645
1.77215189873418,1.74683544303797,0.5,-0.0015042722
1.79746835443038,1.74683544303797,0.5,-0.0014864542
1.82278481012658,1.74683544303797,0.5,-0.0014372282
1.84810126582278,1.74683544303797,0.5,-0.0013514608
1.87341772151899,1.74683544303797,0.5,-0.0012284629
1.89873417721519,1.74683544303797,0.5,-0.0010711104
1.92405063291139,1.74683544303797,0.5,-0.0008859448
1.94936708860759,1.74683544303797,0.5,-0.0006816536
1.9746835443038,1.74683544303797,0.5,-0.00046844408
2,1.74683544303797,0.5,-0.00025714934
0,1.77215189873418,0.5,-0.01278428
0.0253164556962025,1.77215189873418,0.5,-0.010463186
0.0506329113924051,1.77215189873418,0.5,-0.008322734
0.0759493670886076,1.77215189873418,0.5,-0.0063778833
0.10126582278481,1.77215189873418,0.5,-0.004639305
0.126582278481013,1.77215189873418,0.5,-0.0031128936
0.151898734177215,1.77215189873418,0.5,-0.0018003732
0.177215189873418,1.77215189873418,0.5,-0.00069978833
0.20253164556962,1.77215189873418,0.5,0.00019490905
0.227848101265823,1.77215189873418,0.5,0.0008929875
0.253164556962025,1.77215189873418,0.5,0.0014068261
0.278481012658228,1.77215189873418,0.5,0.0017511267
0.30379746835443,1.77215189873418,0.5,0.0019433945
0.329113924050633,1.77215189873418,0.5,0.0020032935
0.354430379746835,1.77215189873418,0.5,0.0019524675
0.379746835443038,1.77215189873418,0.5,0.0018133149
0.405063291139241,1.77215189873418,0.5,0.0016098116
0.430379746835443,1.77215189873418,0.5,0.0013659839
0.455696202531646,1.77215189873418,0.5,0.0011047907
0.481012658227848,1.77215189873418,0.5,0.00084797107
0.506329113924051,1.77215189873418,0.5,0.0006138161
0.531645569620253,1.77215189873418,0.5,0.00041741692
0.556962025316456,1.77215189873418,0.5,0.0002683252
0.582278481012658,1.77215189873418,0.5,0.0001709219
0.607594936708861,1.77215189873418,0.5,0.00012430176
0.632911392405063,1.77215189873418,0.5,0.00012286752
0.658227848101266,1.77215189873418,0.5,0.00015701726
0.683544303797468,1.77215189873418,0.5,0.00021477975
0.708860759493671,1.77215189873418,0.5,0.00028340146
0.734177215189873,1.77215189873418,0.5,0.00035101175
0.759493670886076,1.77215189873418,0.5,0.00040803477
0.784810126582278,1.77215189873418,0.5,0.00044775754
0.810126582278481,1.77215189873418,0.5,0.0004676152
0.835443037974684,1.77215189873418,0.5,0.00046866387
0.860759493670886,1.77215189873418,0.5,0.00045505352
0.886075949367089,1.77215189873418,0.5,0.00043372437
0.911392405063291,1.77215189873418,0.5,0.00041218847
0.936708860759494,1.77215189873418,0.5,0.0003986396
0.962025316455696,1.77215189873418,0.5,0.00039971247
0.987341772151899,1.77215189873418,0.5,0.00041973777
1.0126582278481,1.77215189873418,0.5,0.0004596319
1.0379746835443,1.77215189873418,0.5,0.0005171783
1.06329113924051,1.77215189873418,0.5,0.00058648735
1.08860759493671,1.77215189873418,0.5,0.0006580241
1.11392405063291,1.77215189873418,0.5,0.0007205829
1.13924050632911,1.77215189873418,0.5,0.00076070055
1.16455696202532,1.77215189873418,0.5,0.0007652566
1.18987341772152,1.77215189873418,0.5,0.0007224586
1.21518987341772,1.77215189873418,0.5,0.0006235894
1.24050632911392,1.77215189873418,0.5,0.00046521425
1.26582278481013,1.77215189873418,0.5,0.00024957024
1.29113924050633,1.77215189873418,0.5,-0.000014256686
1.31645569620253,1.77215189873418,0.5,-0.00031060353
1.34177215189873,1.77215189873418,0.5,-0.0006191619
1.36708860759494,1.77215189873418,0.5,-0.00091715157
1.39240506329114,1.77215189873418,0.5,-0.0011821873
1.41772151898734,1.77215189873418,0.5,-0.0013959222
1.44303797468354,1.77215189873418,0.5,-0.0015462153
1.46835443037975,1.77215189873418,0.5,-0.0016286261
1.49367088607595,1.77215189873418,0.5,-0.0016470887
1.51898734177215,1.77215189873418,0.5,-0.001612369
1.54430379746835,1.77215189873418,0.5,-0.0015401654
1.56962025316456,1.77215189873418,0.5,-0.0014487691
1.59493670886076,1.77215189873418,0.5,-0.0013554394
1.62025316455696,1.77215189873418,0.5,-0.0012748912
1.64556962025316,1.77215189873418,0.5,-0.0012175068
1.67088607594937,1.77215189873418,0.5,-0.0011879876
1.69620253164557,1.77215189873418,0.5,-0.0011853166
1.72151898734177,1.77215189873418,0.5,-0.0012037419
1.74683544303797,1.77215189873418,0.5,-0.0012340397
1.77215189873418,1.77215189873418,0.5,-0.0012642182
1.79746835443038,1.77215189873418,0.5,-0.0012829229
1.82278481012658,1.77215189873418,0.5,-0.0012792945
1.84810126582278,1.77215189873418,0.5,-0.001245115
1.87341772151899,1.77215189873418,0.5,-0.0011758246
1.89873417721519,1.77215189873418,0.5,-0.001070682
1.92405063291139,1.77215189873418,0.5,-0.00093252584
1.94936708860759,1.77215189873418,0.5,-0.00076772645
1.9746835443038,1.77215189873418,0.5,-0.0005844496
2,1.77215189873418,0.5,-0.0003925301
0,1.79746835443038,0.5,-0.008920949
0.0253164556962025,1.79746835443038,0.5,-0.006834157
0.0506329113924051,1.79746835443038,0.5,-0.004944019
0.0759493670886076,1.79746835443038,0.5,-0.0032597594
0.10126582278481,1.79746835443038,0.5,-0.0017867014
0.126582278481013,1.79746835443038,0.5,-0.00052593835
0.151898734177215,1.79746835443038,0.5,0.0005252883
0.177215189873418,1.79746835443038,0.5,0.0013726465
0.20253164556962,1.79746835443038,0.5,0.0020252522
0.227848101265823,1.79746835443038,0.5,0.0024945214
0.253164556962025,1.79746835443038,0.5,0.0027947035
0.278481012658228,1.79746835443038,0.5,0.0029418487
0.30379746835443,1.79746835443038,0.5,0.0029544681
0.329113924050633,1.79746835443038,0.5,0.002851896
0.354430379746835,1.79746835443038,0.5,0.0026554372
0.379746835443038,1.79746835443038,0.5,0.0023870468
0.405063291139241,1.79746835443038,0.5,0.0020698607
0.430379746835443,1.79746835443038,0.5,0.0017260108
0.455696202531646,1.79746835443038,0.5,0.0013766866
0.481012658227848,1.79746835443038,0.5,0.0010411907
0.506329113924051,1.79746835443038,0.5,0.00073576905
0.531645569620253,1.79746835443038,0.5,0.00047253817
0.556962025316456,1.79746835443038,0.5,0.00025879033
0.582278481012658,1.79746835443038,0.5,0.00009683892
0.607594936708861,1.79746835443038,0.5,-0.000015657395
0.632911392405063,1.79746835443038,0.5,-0.00008530915
0.658227848101266,1.79746835443038,0.5,-0.00012206659
0.683544303797468,1.79746835443038,0.5,-0.00013740547
0.708860759493671,1.79746835443038,0.5,-0.00014303625
0.734177215189873,1.79746835443038,0.5,-0.00014927052
0.759493670886076,1.79746835443038,0.5,-0.00016451441
0.784810126582278,1.79746835443038,0.5,-0.00019336492
0.810126582278481,1.79746835443038,0.5,-0.00023740157
0.835443037974684,1.79746835443038,0.5,-0.00029401667
0.860759493670886,1.79746835443038,0.5,-0.00035821274
0.886075949367089,1.79746835443038,0.5,-0.00042254291
0.911392405063291,1.79746835443038,0.5,-0.00047859922
0.936708860759494,1.79746835443038,0.5,-0.00051827356
0.962025316455696,1.79746835443038,0.5,-0.0005350709
0.987341772151899,1.79746835443038,0.5,-0.0005246587
1.0126582278481,1.79746835443038,0.5,-0.0004861839
1.0379746835443,1.79746835443038,0.5,-0.00042209402
1.06329113924051,1.79746835443038,0.5,-0.00033856183
1.08860759493671,1.79746835443038,0.5,-0.00024498627
1.11392405063291,1.79746835443038,0.5,-0.00015264936
1.13924050632911,1.79746835443038,0.5,-0.000075159594
1.16455696202532,1.79746835443038,0.5,-0.000025581568
1.18987341772152,1.79746835443038,0.5,-0.000015398487
1.21518987341772,1.79746835443038,0.5,-0.000053878874
1.24050632911392,1.79746835443038,0.5,-0.0001452975
1.26582278481013,1.79746835443038,0.5,-0.00028856844
1.29113924050633,1.79746835443038,0.5,-0.000476202
1.31645569620253,1.79746835443038,0.5,-0.00069563463
1.34177215189873,1.79746835443038,0.5,-0.0009285249
1.36708860759494,1.79746835443038,0.5,-0.001154691
1.39240506329114,1.79746835443038,0.5,-0.0013536476
1.41772151898734,1.79746835443038,0.5,-0.0015081652
1.44303797468354,1.79746835443038,0.5,-0.0016056933
1.46835443037975,1.79746835443038,0.5,-0.0016414411
1.49367088607595,1.79746835443038,0.5,-0.0016179159
1.51898734177215,1.79746835443038,0.5,-0.0015440881
1.54430379746835,1.79746835443038,0.5,-0.0014345311
1.56962025316456,1.79746835443038,0.5,-0.0013064034
1.59493670886076,1.79746835443038,0.5,-0.0011772476
1.62025316455696,1.79746835443038,0.5,-0.0010625347
1.64556962025316,1.79746835443038,0.5,-0.00097422674
1.67088607594937,1.79746835443038,0.5,-0.00091904774
1.69620253164557,1.79746835443038,0.5,-0.0008985251
1.72151898734177,1.79746835443038,0.5,-0.00090928376
1.74683544303797,1.79746835443038,0.5,-0.00094316155
1.77215189873418,1.79746835443038,0.5,-0.0009896457
1.79746835443038,1.79746835443038,0.5,-0.0010366067
1.82278481012658,1.79746835443038,0.5,-0.0010719001
1.84810126582278,1.79746835443038,0.5,-0.0010851026
1.87341772151899,1.79746835443038,0.5,-0.0010681339
1.89873417721519,1.79746835443038,0.5,-0.0010168329
1.92405063291139,1.79746835443038,0.5,-0.0009306595
1.94936708860759,1.79746835443038,0.5,-0.00081226975
1.9746835443038,1.79746835443038,0.5,-0.00066765025
2,1.79746835443038,0.5,-0.00050517917
0,1.82278481012658,0.5,-0.0053492263
0.0253164556962025,1.82278481012658,0.5,-0.003515806
0.0506329113924051,1.82278481012658,0.5,-0.0018878058
0.0759493670886076,1.82278481012658,0.5,-0.00046928413
0.10126582278481,1.82278481012658,0.5,0.0007392131
0.126582278481013,1.82278481012658,0.5,0.001740925
0.151898734177215,1.82278481012658,0.5,0.002541529
0.177215189873418,1.82278481012658,0.5,0.0031498782
0.20253164556962,1.82278481012658,0.5,0.0035774242
0.227848101265823,1.82278481012658,0.5,0.003837077
0.253164556962025,1.82278481012658,0.5,0.003944263
0.278481012658228,1.82278481012658,0.5,0.003915714
0.30379746835443,1.82278481012658,0.5,0.0037699454
0.329113924050633,1.82278481012658,0.5,0.0035266988
0.354430379746835,1.82278481012658,0.5,0.0032065697
0.379746835443038,1.82278481012658,0.5,0.0028310008
0.405063291139241,1.82278481012658,0.5,0.002421232
0.430379746835443,1.82278481012658,0.5,0.0019981284
0.455696202531646,1.82278481012658,0.5,0.001581477
0.481012658227848,1.82278481012658,0.5,0.0011880118
0.506329113924051,1.82278481012658,0.5,0.0008317344
0.531645569620253,1.82278481012658,0.5,0.0005224906
0.556962025316456,1.82278481012658,0.5,0.00026535615
0.582278481012658,1.82278481012658,0.5,0.00006105006
0.607594936708861,1.82278481012658,0.5,-0.000094391406
0.632911392405063,1.82278481012658,0.5,-0.00020844303
0.658227848101266,1.82278481012658,0.5,-0.0002912432
0.683544303797468,1.82278481012658,0.5,-0.0003538411
0.708860759493671,1.82278481012658,0.5,-0.00040743873
0.734177215189873,1.82278481012658,0.5,-0.00046135113
0.759493670886076,1.82278481012658,0.5,-0.00052258745
0.784810126582278,1.82278481012658,0.5,-0.00059519336
0.810126582278481,1.82278481012658,0.5,-0.0006794017
0.835443037974684,1.82278481012658,0.5,-0.00077192485
0.860759493670886,1.82278481012658,0.5,-0.00086734816
0.886075949367089,1.82278481012658,0.5,-0.00095802173
0.911392405063291,1.82278481012658,0.5,-0.0010353699
0.936708860759494,1.82278481012658,0.5,-0.001091376
0.962025316455696,1.82278481012658,0.5,-0.001119338
0.987341772151899,1.82278481012658,0.5,-0.0011156164
1.0126582278481,1.82278481012658,0.5,-0.0010788217
1.0379746835443,1.82278481012658,0.5,-0.0010117851
1.06329113924051,1.82278481012658,0.5,-0.00092027336
1.08860759493671,1.82278481012658,0.5,-0.0008138381
1.11392405063291,1.82278481012658,0.5,-0.0007040724
1.13924050632911,1.82278481012658,0.5,-0.00060341693
1.16455696202532,1.82278481012658,0.5,-0.00052528083
1.18987341772152,1.82278481012658,0.5,-0.00048094802
1.21518987341772,1.82278481012658,0.5,-0.0004795622
1.24050632911392,1.82278481012658,0.5,-0.0005258173
1.26582278481013,1.82278481012658,0.5,-0.0006196853
1.29113924050633,1.82278481012658,0.5,-0.0007549729
1.31645569620253,1.82278481012658,0.5,-0.000920482
1.34177215189873,1.82278481012658,0.5,-0.0011003837
1.36708860759494,1.82278481012658,0.5,-0.0012756921
1.39240506329114,1.82278481012658,0.5,-0.0014280453
1.41772151898734,1.82278481012658,0.5,-0.0015405416
1.44303797468354,1.82278481012658,0.5,-0.0016010627
1.46835443037975,1.82278481012658,0.5,-0.0016038828
1.49367088607595,1.82278481012658,0.5,-0.0015503764
1.51898734177215,1.82278481012658,0.5,-0.0014484525
1.54430379746835,1.82278481012658,0.5,-0.0013110079
1.56962025316456,1.82278481012658,0.5,-0.0011543967
1.59493670886076,1.82278481012658,0.5,-0.0009958372
1.62025316455696,1.82278481012658,0.5,-0.0008517727
1.64556962025316,1.82278481012658,0.5,-0.00073486194
1.67088607594937,1.82278481012658,0.5,-0.0006540753
1.69620253164557,1.82278481012658,0.5,-0.000612963
1.72151898734177,1.82278481012658,0.5,-0.0006106794
1.74683544303797,1.82278481012658,0.5,-0.00064091757
1.77215189873418,1.82278481012658,0.5,-0.00069481134
1.79746835443038,1.82278481012658,0.5,-0.0007608235
1.82278481012658,1.82278481012658,0.5,-0.00082635507
1.84810126582278,1.82278481012658,0.5,-0.00087957457
1.87341772151899,1.82278481012658,0.5,-0.0009101778
1.89873417721519,1.82278481012658,0.5,-0.0009109117
1.92405063291139,1.82278481012658,0.5,-0.0008776188
1.94936708860759,1.82278481012658,0.5,-0.00080986694
1.9746835443038,1.82278481012658,0.5,-0.0007106513
2,1.82278481012658,0.5,-0.0005859174
0,1.84810126582278,0.5,-0.0021103844
0.0253164556962025,1.84810126582278,0.5,-0.0005399529
0.0506329113924051,1.84810126582278,0.5,0.000822803
0.0759493670886076,1.84810126582278,0.5,0.0019785594
0.10126582278481,1.84810126582278,0.5,0.002930401
0.126582278481013,1.84810126582278,0.5,0.0036845393
0.151898734177215,1.84810126582278,0.5,0.0042498186
0.177215189873418,1.84810126582278,0.5,0.0046370216
0.20253164556962,1.84810126582278,0.5,0.004858587
0.227848101265823,1.84810126582278,0.5,0.004929187
0.253164556962025,1.84810126582278,0.5,0.004864514
0.278481012658228,1.84810126582278,0.5,0.0046819486
0.30379746835443,1.84810126582278,0.5,0.004399538
0.329113924050633,1.84810126582278,0.5,0.004036907
0.354430379746835,1.84810126582278,0.5,0.0036141928
0.379746835443038,1.84810126582278,0.5,0.003151549
0.405063291139241,1.84810126582278,0.5,0.0026691854
0.430379746835443,1.84810126582278,0.5,0.0021865945
0.455696202531646,1.84810126582278,0.5,0.001721222
0.481012658227848,1.84810126582278,0.5,0.0012884252
0.506329113924051,1.84810126582278,0.5,0.000899408
0.531645569620253,1.84810126582278,0.5,0.00056231394
0.556962025316456,1.84810126582278,0.5,0.0002803281
0.582278481012658,1.84810126582278,0.5,0.00005196035
0.607594936708861,1.84810126582278,0.5,-0.00012755394
0.632911392405063,1.84810126582278,0.5,-0.0002667997
0.658227848101266,1.84810126582278,0.5,-0.0003755875
0.683544303797468,1.84810126582278,0.5,-0.00046548247
0.708860759493671,1.84810126582278,0.5,-0.000546813
0.734177215189873,1.84810126582278,0.5,-0.00062851235
0.759493670886076,1.84810126582278,0.5,-0.0007164385
0.784810126582278,1.84810126582278,0.5,-0.00081403553
0.810126582278481,1.84810126582278,0.5,-0.0009208843
0.835443037974684,1.84810126582278,0.5,-0.0010337345
0.860759493670886,1.84810126582278,0.5,-0.0011464171
0.886075949367089,1.84810126582278,0.5,-0.0012513883
0.911392405063291,1.84810126582278,0.5,-0.0013404824
0.936708860759494,1.84810126582278,0.5,-0.001405511
0.962025316455696,1.84810126582278,0.5,-0.0014400817
0.987341772151899,1.84810126582278,0.5,-0.0014402606
1.0126582278481,1.84810126582278,0.5,-0.0014052428
1.0379746835443,1.84810126582278,0.5,-0.0013372265
1.06329113924051,1.84810126582278,0.5,-0.0012425818
1.08860759493671,1.84810126582278,0.5,-0.001129549
1.11392405063291,1.84810126582278,0.5,-0.0010099858
1.13924050632911,1.84810126582278,0.5,-0.00089621916
1.16455696202532,1.84810126582278,0.5,-0.0008009188
1.18987341772152,1.84810126582278,0.5,-0.0007352792
1.21518987341772,1.84810126582278,0.5,-0.0007086005
1.24050632911392,1.84810126582278,0.5,-0.00072580576
1.26582278481013,1.84810126582278,0.5,-0.0007872097
1.29113924050633,1.84810126582278,0.5,-0.00088792667
1.31645569620253,1.84810126582278,0.5,-0.0010176934
1.34177215189873,1.84810126582278,0.5,-0.0011621751
1.36708860759494,1.84810126582278,0.5,-0.0013040863
1.39240506329114,1.84810126582278,0.5,-0.001425866
1.41772151898734,1.84810126582278,0.5,-0.0015112907
1.44303797468354,1.84810126582278,0.5,-0.0015482828
1.46835443037975,1.84810126582278,0.5,-0.0015305318
1.49367088607595,1.84810126582278,0.5,-0.0014580339
1.51898734177215,1.84810126582278,0.5,-0.0013375059
1.54430379746835,1.84810126582278,0.5,-0.0011806712
1.56962025316456,1.84810126582278,0.5,-0.0010030493
1.59493670886076,1.84810126582278,0.5,-0.0008215271
1.62025316455696,1.84810126582278,0.5,-0.00065228343
1.64556962025316,1.84810126582278,0.5,-0.00050965324
1.67088607594937,1.84810126582278,0.5,-0.00040381402
1.69620253164557,1.84810126582278,0.5,-0.00034055114
1.72151898734177,1.84810126582278,0.5,-0.00032090023
1.74683544303797,1.84810126582278,0.5,-0.0003411211
1.77215189873418,1.84810126582278,0.5,-0.0003941022
1.79746835443038,1.84810126582278,0.5,-0.00046961382
1.82278481012658,1.84810126582278,0.5,-0.00055564195
1.84810126582278,1.84810126582278,0.5,-0.0006397404
1.87341772151899,1.84810126582278,0.5,-0.0007103309
1.89873417721519,1.84810126582278,0.5,-0.0007577278
1.92405063291139,1.84810126582278,0.5,-0.00077524036
1.94936708860759,1.84810126582278,0.5,-0.0007590242
1.9746835443038,1.84810126582278,0.5,-0.0007088855
2,1.84810126582278,0.5,-0.00062778965
0,1.87341772151899,0.5,0.0007708091
0.0253164556962025,1.87341772151899,0.5,0.0020773243
0.0506329113924051,1.87341772151899,0.5,0.0031794924
0.0759493670886076,1.87341772151899,0.5,0.004081499
0.10126582278481,1.87341772151899,0.5,0.0047894083
0.126582278481013,1.87341772151899,0.5,0.0053120423
0.151898734177215,1.87341772151899,0.5,0.0056599304
0.177215189873418,1.87341772151899,0.5,0.005845396
0.20253164556962,1.87341772151899,0.5,0.005881924
0.227848101265823,1.87341772151899,0.5,0.0057847053
0.253164556962025,1.87341772151899,0.5,0.0055695996
0.278481012658228,1.87341772151899,0.5,0.005254425
0.30379746835443,1.87341772151899,0.5,0.004856322
0.329113924050633,1.87341772151899,0.5,0.00439493
0.354430379746835,1.87341772151899,0.5,0.0038893148
0.379746835443038,1.87341772151899,0.5,0.0033587497
0.405063291139241,1.87341772151899,0.5,0.002822267
0.430379746835443,1.87341772151899,0.5,0.002297718
0.455696202531646,1.87341772151899,0.5,0.0018009413
0.481012658227848,1.87341772151899,0.5,0.0013448298
0.506329113924051,1.87341772151899,0.5,0.00093933195
0.531645569620253,1.87341772151899,0.5,0.00058987364
0.556962025316456,1.87341772151899,0.5,0.000298094
0.582278481012658,1.87341772151899,0.5,0.000060992315
0.607594936708861,1.87341772151899,0.5,-0.00012747757
0.632911392405063,1.87341772151899,0.5,-0.00027646497
0.658227848101266,1.87341772151899,0.5,-0.00039634854
0.683544303797468,1.87341772151899,0.5,-0.0004983172
0.708860759493671,1.87341772151899,0.5,-0.0005921498
0.734177215189873,1.87341772151899,0.5,-0.000686476
0.759493670886076,1.87341772151899,0.5,-0.0007868968
0.784810126582278,1.87341772151899,0.5,-0.00089593977
0.810126582278481,1.87341772151899,0.5,-0.0010130703
0.835443037974684,1.87341772151899,0.5,-0.0011348128
0.860759493670886,1.87341772151899,0.5,-0.0012549125
0.886075949367089,1.87341772151899,0.5,-0.0013659298
0.911392405063291,1.87341772151899,0.5,-0.0014597923
0.936708860759494,1.87341772151899,0.5,-0.0015287027
0.962025316455696,1.87341772151899,0.5,-0.0015663877
0.987341772151899,1.87341772151899,0.5,-0.0015691556
1.0126582278481,1.87341772151899,0.5,-0.0015355498
1.0379746835443,1.87341772151899,0.5,-0.0014682449
1.06329113924051,1.87341772151899,0.5,-0.0013725162
1.08860759493671,1.87341772151899,0.5,-0.001257278
1.11392405063291,1.87341772151899,0.5,-0.001133401
1.13924050632911,1.87341772151899,0.5,-0.0010127686
1.16455696202532,1.87341772151899,0.5,-0.0009077899
1.18987341772152,1.87341772151899,0.5,-0.00082985684
1.21518987341772,1.87341772151899,0.5,-0.00078764185
1.24050632911392,1.87341772151899,0.5,-0.00078656524
1.26582278481013,1.87341772151899,0.5,-0.00082760677
1.29113924050633,1.87341772151899,0.5,-0.0009062812
1.31645569620253,1.87341772151899,0.5,-0.0010137074
1.34177215189873,1.87341772151899,0.5,-0.0011364892
1.36708860759494,1.87341772151899,0.5,-0.0012586899
1.39240506329114,1.87341772151899,0.5,-0.0013630949
1.41772151898734,1.87341772151899,0.5,-0.0014339462
1.44303797468354,1.87341772151899,0.5,-0.0014590174
1.46835443037975,1.87341772151899,0.5,-0.0014316179
1.49367088607595,1.87341772151899,0.5,-0.001350116
1.51898734177215,1.87341772151899,0.5,-0.0012199581
1.54430379746835,1.87341772151899,0.5,-0.001051981
1.56962025316456,1.87341772151899,0.5,-0.0008601807
1.59493670886076,1.87341772151899,0.5,-0.0006615259
1.62025316455696,1.87341772151899,0.5,-0.00047197938
1.64556962025316,1.87341772151899,0.5,-0.00030686706
1.67088607594937,1.87341772151899,0.5,-0.00017729029
1.69620253164557,1.87341772151899,0.5,-0.000090982765
1.72151898734177,1.87341772151899,0.5,-0.00005095452
1.74683544303797,1.87341772151899,0.5,-0.000056035817
1.77215189873418,1.87341772151899,0.5,-0.00010084361
1.79746835443038,1.87341772151899,0.5,-0.00017688423
1.82278481012658,1.87341772151899,0.5,-0.00027339533
1.84810126582278,1.87341772151899,0.5,-0.00037848577
1.87341772151899,1.87341772151899,0.5,-0.00047959015
1.89873417721519,1.87341772151899,0.5,-0.0005662665
1.92405063291139,1.87341772151899,0.5,-0.00062895566
1.94936708860759,1.87341772151899,0.5,-0.00066152215
1.9746835443038,1.87341772151899,0.5,-0.00066080317
2,1.87341772151899,0.5,-0.0006265007
0,1.89873417721519,0.5,0.0032844525
0.0253164556962025,1.89873417721519,0.5,0.004332997
0.0506329113924051,1.89873417721519,0.5,0.00518498
0.0759493670886076,1.89873417721519,0.5,0.0058469344
0.10126582278481,1.89873417721519,0.5,0.0063276533
0.126582278481013,1.89873417721519,0.5,0.006637331
0.151898734177215,1.89873417721519,0.5,0.006787954
0.177215189873418,1.89873417721519,0.5,0.006792523
0.20253164556962,1.89873417721519,0.5,0.0066651776
0.227848101265823,1.89873417721519,0.5,0.006421443
0.253164556962025,1.89873417721519,0.5,0.006077271
0.278481012658228,1.89873417721519,0.5,0.005649613
0.30379746835443,1.89873417721519,0.5,0.005156113
0.329113924050633,1.89873417721519,0.5,0.0046149995
0.354430379746835,1.89873417721519,0.5,0.0040449295
0.379746835443038,1.89873417721519,0.5,0.0034642704
0.405063291139241,1.89873417721519,0.5,0.002890382
0.430379746835443,1.89873417721519,0.5,0.0023398995
0.455696202531646,1.89873417721519,0.5,0.0018265676
0.481012658227848,1.89873417721519,0.5,0.0013615768
0.506329113924051,1.89873417721519,0.5,0.0009530708
0.531645569620253,1.89873417721519,0.5,0.00060420856
0.556962025316456,1.89873417721519,0.5,0.00031504408
0.582278481012658,1.89873417721519,0.5,0.000081349164
0.607594936708861,1.89873417721519,0.5,-0.00010420568
0.632911392405063,1.89873417721519,0.5,-0.00025116652
0.658227848101266,1.89873417721519,0.5,-0.0003705565
0.683544303797468,1.89873417721519,0.5,-0.00047296286
0.708860759493671,1.89873417721519,0.5,-0.0005684756
0.734177215189873,1.89873417721519,0.5,-0.00066488236
0.759493670886076,1.89873417721519,0.5,-0.0007676482
0.784810126582278,1.89873417721519,0.5,-0.00087870285
0.810126582278481,1.89873417721519,0.5,-0.000997331
0.835443037974684,1.89873417721519,0.5,-0.0011200681
0.860759493670886,1.89873417721519,0.5,-0.0012407079
0.886075949367089,1.89873417721519,0.5,-0.0013521276
0.911392405063291,1.89873417721519,0.5,-0.0014462098
0.936708860759494,1.89873417721519,0.5,-0.0015155785
0.962025316455696,1.89873417721519,0.5,-0.0015541017
0.987341772151899,1.89873417721519,0.5,-0.0015580393
1.0126582278481,1.89873417721519,0.5,-0.001525823
1.0379746835443,1.89873417721519,0.5,-0.0014598966
1.06329113924051,1.89873417721519,0.5,-0.0013653152
1.08860759493671,1.89873417721519,0.5,-0.001250267
1.11392405063291,1.89873417721519,0.5,-0.0011251755
1.13924050632911,1.89873417721519,0.5,-0.0010017902
1.16455696202532,1.89873417721519,0.5,-0.00089200586
1.18987341772152,1.89873417721519,0.5,-0.00080710277
1.21518987341772,1.89873417721519,0.5,-0.00075558946
1.24050632911392,1.89873417721519,0.5,-0.0007434264
1.26582278481013,1.89873417721519,0.5,-0.00077170506
1.29113924050633,1.89873417721519,0.5,-0.0008370541
1.31645569620253,1.89873417721519,0.5,-0.0009313747
1.34177215189873,1.89873417721519,0.5,-0.0010424964
1.36708860759494,1.89873417721519,0.5,-0.0011548623
1.39240506329114,1.89873417721519,0.5,-0.0012520887
1.41772151898734,1.89873417721519,0.5,-0.0013187826
1.44303797468354,1.89873417721519,0.5,-0.001342129
1.46835443037975,1.89873417721519,0.5,-0.0013143048
1.49367088607595,1.89873417721519,0.5,-0.001232829
1.51898734177215,1.89873417721519,0.5,-0.0011015348
1.54430379746835,1.89873417721519,0.5,-0.0009296462
1.56962025316456,1.89873417721519,0.5,-0.000730861
1.59493670886076,1.89873417721519,0.5,-0.0005209446
1.62025316455696,1.89873417721519,0.5,-0.00031610206
1.64556962025316,1.89873417721519,0.5,-0.00013178587
1.67088607594937,1.89873417721519,0.5,0.000019401312
1.69620253164557,1.89873417721519,0.5,0.0001284182
1.72151898734177,1.89873417721519,0.5,0.00019037351
1.74683544303797,1.89873417721519,0.5,0.00020432472
1.77215189873418,1.89873417721519,0.5,0.00017349422
1.79746835443038,1.89873417721519,0.5,0.00010443851
1.82278481012658,1.89873417721519,0.5,0.0000068955123
1.84810126582278,1.89873417721519,0.5,-0.00010884181
1.87341772151899,1.89873417721519,0.5,-0.00023065135
1.89873417721519,1.89873417721519,0.5,-0.00034694746
1.92405063291139,1.89873417721519,0.5,-0.00044711307
1.94936708860759,1.89873417721519,0.5,-0.00052316487
1.9746835443038,1.89873417721519,0.5,-0.0005687848
2,1.89873417721519,0.5,-0.0005816743
0,1.92405063291139,0.5,0.0054327026
0.0253164556962025,1.92405063291139,0.5,0.0062349048
0.0506329113924051,1.92405063291139,0.5,0.00685142
0.0759493670886076,1.92405063291139,0.5,0.0072907284
0.10126582278481,1.92405063291139,0.5,0.007563105
0.126582278481013,1.92405063291139,0.5,0.007680038
0.151898734177215,1.92405063291139,0.5,0.0076540746
0.177215189873418,1.92405063291139,0.5,0.0074989796
0.20253164556962,1.92405063291139,0.5,0.0072289743
0.227848101265823,1.92405063291139,0.5,0.006859349
0.253164556962025,1.92405063291139,0.5,0.0064059626
0.278481012658228,1.92405063291139,0.5,0.0058855508
0.30379746835443,1.92405063291139,0.5,0.0053152833
0.329113924050633,1.92405063291139,0.5,0.004712686
0.354430379746835,1.92405063291139,0.5,0.0040950924
0.379746835443038,1.92405063291139,0.5,0.003480155
0.405063291139241,1.92405063291139,0.5,0.0028841347
0.430379746835443,1.92405063291139,0.5,0.0023214407
0.455696202531646,1.92405063291139,0.5,0.0018047243
0.481012658227848,1.92405063291139,0.5,0.0013431497
0.506329113924051,1.92405063291139,0.5,0.00094261393
0.531645569620253,1.92405063291139,0.5,0.00060518645
0.556962025316456,1.92405063291139,0.5,0.00032881275
0.582278481012658,1.92405063291139,0.5,0.00010769069
0.607594936708861,1.92405063291139,0.5,-0.0000657402
0.632911392405063,1.92405063291139,0.5,-0.00020210631
0.658227848101266,1.92405063291139,0.5,-0.0003122911
0.683544303797468,1.92405063291139,0.5,-0.00040731765
0.708860759493671,1.92405063291139,0.5,-0.0004965812
0.734177215189873,1.92405063291139,0.5,-0.0005878117
0.759493670886076,1.92405063291139,0.5,-0.00068581104
0.784810126582278,1.92405063291139,0.5,-0.0007924773
0.810126582278481,1.92405063291139,0.5,-0.0009068176
0.835443037974684,1.92405063291139,0.5,-0.001025252
0.860759493670886,1.92405063291139,0.5,-0.0011421479
0.886075949367089,1.92405063291139,0.5,-0.0012500957
0.911392405063291,1.92405063291139,0.5,-0.0013415329
0.936708860759494,1.92405063291139,0.5,-0.0014091358
0.962025316455696,1.92405063291139,0.5,-0.0014470592
0.987341772151899,1.92405063291139,0.5,-0.0014511384
1.0126582278481,1.92405063291139,0.5,-0.0014204383
1.0379746835443,1.92405063291139,0.5,-0.0013564788
1.06329113924051,1.92405063291139,0.5,-0.0012638867
1.08860759493671,1.92405063291139,0.5,-0.0011507496
1.11392405063291,1.92405063291139,0.5,-0.0010266118
1.13924050632911,1.92405063291139,0.5,-0.0009027906
1.16455696202532,1.92405063291139,0.5,-0.0007910393
1.18987341772152,1.92405063291139,0.5,-0.0007020924
1.21518987341772,1.92405063291139,0.5,-0.00064516254
1.24050632911392,1.92405063291139,0.5,-0.00062596425
1.26582278481013,1.92405063291139,0.5,-0.0006463658
1.29113924050633,1.92405063291139,0.5,-0.0007037297
1.31645569620253,1.92405063291139,0.5,-0.00079104677
1.34177215189873,1.92405063291139,0.5,-0.00089661777
1.36708860759494,1.92405063291139,0.5,-0.0010062009
1.39240506329114,1.92405063291139,0.5,-0.0011038445
1.41772151898734,1.92405063291139,0.5,-0.0011738688
1.44303797468354,1.92405063291139,0.5,-0.0012033284
1.46835443037975,1.92405063291139,0.5,-0.0011830181
1.49367088607595,1.92405063291139,0.5,-0.001109492
1.51898734177215,1.92405063291139,0.5,-0.0009848364
1.54430379746835,1.92405063291139,0.5,-0.000816796
1.56962025316456,1.92405063291139,0.5,-0.0006175898
1.59493670886076,1.92405063291139,0.5,-0.0004025139
1.62025316455696,1.92405063291139,0.5,-0.00018747151
1.64556962025316,1.92405063291139,0.5,0.000011980534
1.67088607594937,1.92405063291139,0.5,0.00018183514
1.69620253164557,1.92405063291139,0.5,0.00031225383
1.72151898734177,1.92405063291139,0.5,0.00039638206
1.74683544303797,1.92405063291139,0.5,0.00043158978
1.77215189873418,1.92405063291139,0.5,0.00041925535
1.79746835443038,1.92405063291139,0.5,0.0003637895
1.82278481012658,1.92405063291139,0.5,0.00027266517
1.84810126582278,1.92405063291139,0.5,0.00015576929
1.87341772151899,1.92405063291139,0.5,0.000023677945
1.89873417721519,1.92405063291139,0.5,-0.000112149864
1.92405063291139,1.92405063291139,0.5,-0.00024059042
1.94936708860759,1.92405063291139,0.5,-0.00035203993
1.9746835443038,1.92405063291139,0.5,-0.0004387498
2,1.92405063291139,0.5,-0.00049557164
0,1.94936708860759,0.5,0.0072274655
0.0253164556962025,1.94936708860759,0.5,0.0077988952
0.0506329113924051,1.94936708860759,0.5,0.008197544
0.0759493670886076,1.94936708860759,0.5,0.008433405
0.10126582278481,1.94936708860759,0.5,0.0085178185
0.126582278481013,1.94936708860759,0.5,0.008462815
0.151898734177215,1.94936708860759,0.5,0.008281501
0.177215189873418,1.94936708860759,0.5,0.007987438
0.20253164556962,1.94936708860759,0.5,0.007595066
0.227848101265823,1.94936708860759,0.5,0.0071193893
0.253164556962025,1.94936708860759,0.5,0.006576119
0.278481012658228,1.94936708860759,0.5,0.005981086
0.30379746835443,1.94936708860759,0.5,0.005351171
0.329113924050633,1.94936708860759,0.5,0.0047031567
0.354430379746835,1.94936708860759,0.5,0.0040536374
0.379746835443038,1.94936708860759,0.5,0.003418889
0.405063291139241,1.94936708860759,0.5,0.002813615
0.430379746835443,1.94936708860759,0.5,0.0022512376
0.455696202531646,1.94936708860759,0.5,0.0017423239
0.481012658227848,1.94936708860759,0.5,0.0012942851
0.506329113924051,1.94936708860759,0.5,0.00091122463
0.531645569620253,1.94936708860759,0.5,0.00059328787
0.556962025316456,1.94936708860759,0.5,0.00033717975
0.582278481012658,1.94936708860759,0.5,0.00013618171
0.607594936708861,1.94936708860759,0.5,-0.000018704683
0.632911392405063,1.94936708860759,0.5,-0.00013828278
0.658227848101266,1.94936708860759,0.5,-0.00023358874
0.683544303797468,1.94936708860759,0.5,-0.0003156215
0.708860759493671,1.94936708860759,0.5,-0.00039351732
0.734177215189873,1.94936708860759,0.5,-0.00047451816
0.759493670886076,1.94936708860759,0.5,-0.0005631596
0.784810126582278,1.94936708860759,0.5,-0.0006614458
0.810126582278481,1.94936708860759,0.5,-0.00076783076
0.835443037974684,1.94936708860759,0.5,-0.0008790009
0.860759493670886,1.94936708860759,0.5,-0.0009891987
0.886075949367089,1.94936708860759,0.5,-0.0010915697
0.911392405063291,1.94936708860759,0.5,-0.0011785999
0.936708860759494,1.94936708860759,0.5,-0.0012432113
0.962025316455696,1.94936708860759,0.5,-0.0012795553
0.987341772151899,1.94936708860759,0.5,-0.0012838133
1.0126582278481,1.94936708860759,0.5,-0.0012544319
1.0379746835443,1.94936708860759,0.5,-0.0011926629
1.06329113924051,1.94936708860759,0.5,-0.0011028871
1.08860759493671,1.94936708860759,0.5,-0.0009925552
1.11392405063291,1.94936708860759,0.5,-0.00087045506
1.13924050632911,1.94936708860759,0.5,-0.0007476378
1.16455696202532,1.94936708860759,0.5,-0.00063543767
1.18987341772152,1.94936708860759,0.5,-0.00054428726
1.21518987341772,1.94936708860759,0.5,-0.00048358366
1.24050632911392,1.94936708860759,0.5,-0.0004592575
1.26582278481013,1.94936708860759,0.5,-0.0004741121
1.29113924050633,1.94936708860759,0.5,-0.0005262736
1.31645569620253,1.94936708860759,0.5,-0.0006095469
1.34177215189873,1.94936708860759,0.5,-0.00071314536
1.36708860759494,1.94936708860759,0.5,-0.00082429126
1.39240506329114,1.94936708860759,0.5,-0.0009268485
1.41772151898734,1.94936708860759,0.5,-0.0010057911
1.44303797468354,1.94936708860759,0.5,-0.001047112
1.46835443037975,1.94936708860759,0.5,-0.0010408834
1.49367088607595,1.94936708860759,0.5,-0.0009819418
1.51898734177215,1.94936708860759,0.5,-0.0008709058
1.54430379746835,1.94936708860759,0.5,-0.00071360916
1.56962025316456,1.94936708860759,0.5,-0.00052076206
1.59493670886076,1.94936708860759,0.5,-0.00030668452
1.62025316455696,1.94936708860759,0.5,-0.0000869371
1.64556962025316,1.94936708860759,0.5,0.00012265146
1.67088607594937,1.94936708860759,0.5,0.00030801818
1.69620253164557,1.94936708860759,0.5,0.00045752525
1.72151898734177,1.94936708860759,0.5,0.00056320056
1.74683544303797,1.94936708860759,0.5,0.0006205812
1.77215189873418,1.94936708860759,0.5,0.0006292388
1.79746835443038,1.94936708860759,0.5,0.0005917996
1.82278481012658,1.94936708860759,0.5,0.00051397085
1.84810126582278,1.94936708860759,0.5,0.0004036203
1.87341772151899,1.94936708860759,0.5,0.00027058646
1.89873417721519,1.94936708860759,0.5,0.000125397
1.92405063291139,1.94936708860759,0.5,-0.000021219254
1.94936708860759,1.94936708860759,0.5,-0.00015902892
1.9746835443038,1.94936708860759,0.5,-0.0002790764
2,1.94936708860759,0.5,-0.00037409738
0,1.9746835443038,0.5,0.00868752
0.0253164556962025,1.9746835443038,0.5,0.009046307
0.0506329113924051,1.9746835443038,0.5,0.009246584
0.0759493670886076,1.9746835443038,0.5,0.009299496
0.10126582278481,1.9746835443038,0.5,0.009216486
0.126582278481013,1.9746835443038,0.5,0.009010401
0.151898734177215,1.9746835443038,0.5,0.00869412
0.177215189873418,1.9746835443038,0.5,0.0082809925
0.20253164556962,1.9746835443038,0.5,0.0077856593
0.227848101265823,1.9746835443038,0.5,0.007222628
0.253164556962025,1.9746835443038,0.5,0.006606875
0.278481012658228,1.9746835443038,0.5,0.0059540886
0.30379746835443,1.9746835443038,0.5,0.005280409
0.329113924050633,1.9746835443038,0.5,0.0046017747
0.354430379746835,1.9746835443038,0.5,0.003933899
0.379746835443038,1.9746835443038,0.5,0.0032918677
0.405063291139241,1.9746835443038,0.5,0.0026892982
0.430379746835443,1.9746835443038,0.5,0.0021374486
0.455696202531646,1.9746835443038,0.5,0.0016455799
0.481012658227848,1.9746835443038,0.5,0.0012192987
0.506329113924051,1.9746835443038,0.5,0.0008610226
0.531645569620253,1.9746835443038,0.5,0.00056933984
0.556962025316456,1.9746835443038,0.5,0.00033923239
0.582278481012658,1.9746835443038,0.5,0.0001631137
0.607594936708861,1.9746835443038,0.5,0.00003137812
0.632911392405063,1.9746835443038,0.5,-0.00006734766
0.658227848101266,1.9746835443038,0.5,-0.00014405139
0.683544303797468,1.9746835443038,0.5,-0.00020954758
0.708860759493671,1.9746835443038,0.5,-0.00027275085
0.734177215189873,1.9746835443038,0.5,-0.00034069642
0.759493670886076,1.9746835443038,0.5,-0.0004174728
0.784810126582278,1.9746835443038,0.5,-0.00050479546
0.810126582278481,1.9746835443038,0.5,-0.0006012358
0.835443037974684,1.9746835443038,0.5,-0.00070335343
0.860759493670886,1.9746835443038,0.5,-0.00080553815
0.886075949367089,1.9746835443038,0.5,-0.0009011328
0.911392405063291,1.9746835443038,0.5,-0.000982929
0.936708860759494,1.9746835443038,0.5,-0.0010440908
0.962025316455696,1.9746835443038,0.5,-0.0010785833
0.987341772151899,1.9746835443038,0.5,-0.0010827966
1.0126582278481,1.9746835443038,0.5,-0.0010547675
1.0379746835443,1.9746835443038,0.5,-0.0009957813
1.06329113924051,1.9746835443038,0.5,-0.0009092726
1.08860759493671,1.9746835443038,0.5,-0.0008021705
1.11392405063291,1.9746835443038,0.5,-0.00068279356
1.13924050632911,1.9746835443038,0.5,-0.0005618073
1.16455696202532,1.9746835443038,0.5,-0.00044953078
1.18987341772152,1.9746835443038,0.5,-0.00035706162
1.21518987341772,1.9746835443038,0.5,-0.0002930928
1.24050632911392,1.9746835443038,0.5,-0.00026458688
1.26582278481013,1.9746835443038,0.5,-0.0002744496
1.29113924050633,1.9746835443038,0.5,-0.000322029
1.31645569620253,1.9746835443038,0.5,-0.00040218793
1.34177215189873,1.9746835443038,0.5,-0.0005056318
1.36708860759494,1.9746835443038,0.5,-0.00061962754
1.39240506329114,1.9746835443038,0.5,-0.00072974525
1.41772151898734,1.9746835443038,0.5,-0.0008202903
1.44303797468354,1.9746835443038,0.5,-0.00087718293
1.46835443037975,1.9746835443038,0.5,-0.00088969246
1.49367088607595,1.9746835443038,0.5,-0.00085065514
1.51898734177215,1.9746835443038,0.5,-0.000759013
1.54430379746835,1.9746835443038,0.5,-0.0006187111
1.56962025316456,1.9746835443038,0.5,-0.00043881312
1.59493670886076,1.9746835443038,0.5,-0.00023211166
1.62025316455696,1.9746835443038,0.5,-0.000013496727
1.64556962025316,1.9746835443038,0.5,0.00020127743
1.67088607594937,1.9746835443038,0.5,0.00039755926
1.69620253164557,1.9746835443038,0.5,0.0005630441
1.72151898734177,1.9746835443038,0.5,0.0006883554
1.74683544303797,1.9746835443038,0.5,0.0007677302
1.77215189873418,1.9746835443038,0.5,0.00079857185
1.79746835443038,1.9746835443038,0.5,0.0007819794
1.82278481012658,1.9746835443038,0.5,0.0007221401
1.84810126582278,1.9746835443038,0.5,0.00062518567
1.87341772151899,1.9746835443038,0.5,0.0004989058
1.89873417721519,1.9746835443038,0.5,0.00035347417
1.92405063291139,1.9746835443038,0.5,0.00019839033
1.94936708860759,1.9746835443038,0.5,0.00004414469
1.9746835443038,1.9746835443038,0.5,-0.00010003522
2,1.9746835443038,0.5,-0.00022575632
0,2,0.5,0.009836657
0.0253164556962025,2,0.5,0.010002255
0.0506329113924051,2,0.5,0.010024507
0.0759493670886076,2,0.5,0.00991486
0.10126582278481,2,0.5,0.009684933
0.126582278481013,2,0.5,0.009347942
0.151898734177215,2,0.5,0.008916065
0.177215189873418,2,0.5,0.0084029585
0.20253164556962,2,0.5,0.007822525
0.227848101265823,2,0.5,0.0071889535
0.253164556962025,2,0.5,0.0065170974
0.278481012658228,2,0.5,0.005821921
0.30379746835443,2,0.5,0.005118571
0.329113924050633,2,0.5,0.0044225436
0.354430379746835,2,0.5,0.0037484877
0.379746835443038,2,0.5,0.003110133
0.405063291139241,2,0.5,0.0025199074
0.430379746835443,2,0.5,0.001987541
0.455696202531646,2,0.5,0.00152044
0.481012658227848,2,0.5,0.0011225399
0.506329113924051,2,0.5,0.0007945746
0.531645569620253,2,0.5,0.00053355657
0.556962025316456,2,0.5,0.0003333874
0.582278481012658,2,0.5,0.00018572807
0.607594936708861,2,0.5,0.00007995404
0.632911392405063,2,0.5,0.0000047907233
0.658227848101266,2,0.5,-0.000051230192
0.683544303797468,2,0.5,-0.00009843521
0.708860759493671,2,0.5,-0.00014532357
0.734177215189873,2,0.5,-0.00019875541
0.759493670886076,2,0.5,-0.0002623964
0.784810126582278,2,0.5,-0.0003378112
0.810126582278481,2,0.5,-0.00042346306
0.835443037974684,2,0.5,-0.0005157441
0.860759493670886,2,0.5,-0.00060946867
0.886075949367089,2,0.5,-0.0006979592
0.911392405063291,2,0.5,-0.00077435
0.936708860759494,2,0.5,-0.0008318424
0.962025316455696,2,0.5,-0.0008647479
0.987341772151899,2,0.5,-0.0008690581
1.0126582278481,2,0.5,-0.00084268674
1.0379746835443,2,0.5,-0.0007866137
1.06329113924051,2,0.5,-0.00070393644
1.08860759493671,2,0.5,-0.0006003864
1.11392405063291,2,0.5,-0.00048419274
1.13924050632911,2,0.5,-0.00036501698
1.16455696202532,2,0.5,-0.00025330298
1.18987341772152,2,0.5,-0.00015921146
1.21518987341772,2,0.5,-0.00009209104
1.24050632911392,2,0.5,-0.000058926642
1.26582278481013,2,0.5,-0.00006368011
1.29113924050633,2,0.5,-0.00010626763
1.31645569620253,2,0.5,-0.00018280186
1.34177215189873,2,0.5,-0.0002852846
1.36708860759494,2,0.5,-0.0004022196
1.39240506329114,2,0.5,-0.0005199071
1.41772151898734,2,0.5,-0.00062294677
1.44303797468354,2,0.5,-0.00069738925
1.46835443037975,2,0.5,-0.0007309206
1.49367088607595,2,0.5,-0.00071566924
1.51898734177215,2,0.5,-0.00064796954
1.54430379746835,2,0.5,-0.0005302131
1.56962025316456,2,0.5,-0.0003690496
1.59493670886076,2,0.5,-0.00017576665
1.62025316455696,2,0.5,0.000035446137
1.64556962025316,2,0.5,0.00024976954
1.67088607594937,2,0.5,0.0004523024
1.69620253164557,2,0.5,0.00062980875
1.72151898734177,2,0.5,0.0007719025
1.74683544303797,2,0.5,0.00087136775
1.77215189873418,2,0.5,0.0009243041
1.79746835443038,2,0.5,0.00093014166
1.82278481012658,2,0.5,0.000891082
1.84810126582278,2,0.5,0.0008118488
1.87341772151899,2,0.5,0.00069912523
1.89873417721519,2,0.5,0.00056116655
1.92405063291139,2,0.5,0.00040676445
1.94936708860759,2,0.5,0.00024550036
1.9746835443038,2,0.5,0.00008674711
2,2,0.5,-0.00006077811
